id,Time,Combined_Prediction,Combined_Actual,Combined_Insight,price_change,volatility,statement_price_movement
1453,2024-07-31 18:30:00,Positive,Negative,"The acknowledgment of progress towards the 2% inflation target and a potential cut in interest rates signals a favorable economic outlook, boosting market optimism.",-0.0010708028508952,0.0010164077246986,Positive
1454,2024-07-31 18:31:00,Positive,Negative,"The statement emphasized greater progress toward the inflation target, signaling to investors that the Fed is on track with monetary policy easing, which typically supports market confidence. | Concerns about a potentially faltering job market and slower hiring noted by Powell could dampen enthusiasm, leading to a cautious market reaction.",0.0010529083260805,0.0005804356895395,Positive
1455,2024-07-31 18:32:00,Positive,Negative,"Investors reacted positively to the idea of rate cuts being on the horizon provided inflation shows continued improvement. | If Powell emphasizes uncertainty or potential risks regarding the job market, it may lead to a more cautious approach from investors, resulting in a negative reaction.",-0.0011071911328297,0.0010697708152016,Positive
1456,2024-07-31 18:33:00,Positive,Negative,"The Fed's suggestions of nearing a rate cut due to reduced inflation rate support expectations of a more favorable monetary policy, boosting market sentiment. | Hearing more cautious and conditional language regarding rate cuts may lead to a reassessment of the markets' bullish sentiment, driving a negative reaction as uncertainty mounts.",-0.0004347806373957,0.0006885305308932,Positive
1457,2024-07-31 18:34:00,Positive,Negative,"The positive language about progress towards inflation targets tends to uplift market sentiment, prompting a positive initial reaction. | As Powell discusses the concerns regarding the slowing job market, market participants may react negatively due to fears of economic deterioration.",-0.0009790252532678,0.0006706300297252,Positive
1458,2024-07-31 18:35:00,Positive,Negative,"The clear message regarding reduced inflation and potential future cuts is typically well received by the markets, resulting in initial gains. | If Powell's responses suggest uncertainty or hesitation about supporting the economy, that could sour market reactions as investors reconsider the outlook.",0.001631398488969,0.0018700072621642,Positive
1459,2024-07-31 18:36:00,Negative,Negative,"Increased discussion about potential political backlash from lowering rates may raise concerns about the Fed's independence and ability to act freely, negatively affecting market sentiment.",0.0002178115380819,0.0014351111757011,Positive
1460,2024-07-31 18:37:00,Positive,Negative,"The introduction of significant inflation progress signals a constructive economic environment, which is usually well-received by market participants.",-1.8241047021599996e-05,0.0010894235133908,Positive
1461,2024-07-31 18:38:00,Positive,Negative,"The tone of potential rate cuts supports underlying market confidence; thus, investors react positively. | Discussion of the job market risks and inflation issues could lead to a reassessment of growth perspectives, driving a negative market reaction.",-0.0001089350512026,0.0008350882288866,Positive
1462,2024-07-31 18:39:00,Positive,Negative,"The mention of progress in reducing inflation usually leads to positive investor sentiment and market uptick. | As Powell indicates potential concerns regarding inflation control, it may lead to doubts about the Fed's approach, resulting in negative market sentiment.",0.0004715056286819,0.0005080563216721,Positive
1463,2024-07-31 18:40:00,Positive,Negative,"Traders are optimistic due to speculation of potential interest rate cuts; market pricing anticipates Fed's action to support the economy. | Despite hints of future cuts, the Fed holding rates steady at a high level led to disappointment among traders expecting immediate action.",0.0002351682121623,0.000816267300332,Positive
1464,2024-07-31 18:41:00,Positive,Negative,"Growing expectations of future rate cuts create optimism in markets, leading to increased buying pressure. | The cautious language in the policy statement and emphasis on careful assessment of inflation dynamics cloud the outlook for immediate rate cuts.",-0.0007613593944173,0.0012142686627872,Positive
1465,2024-07-31 18:42:00,Positive,Negative,Investor sentiment is buoyed by recent economic achievements signaling a potentially softer monetary policy. | The Fed's decision to maintain current rates despite earlier expectations for cuts undermined investor confidence.,-3.622990805629999e-05,0.0007972169879693,Positive
1466,2024-07-31 18:43:00,Positive,Negative,Anticipation of changes in tone from the Fed strengthens market outlook that could result in cuts. | The Fed's careful approach devoid of immediate commitments translates to unease among traders expecting bolder actions.,0.0001810472494831,0.0003440595404087,Positive
1467,2024-07-31 18:44:00,Positive,Negative,Market optimism around the potential for rate cuts encourages pre-announcement rally. | Clarification of cautious intent and the nature of current economic data raised concerns about Fed's future actions.,-0.0003256999926186,0.0003802350214561,Positive
1468,2024-07-31 18:45:00,Positive,Negative,Market anticipates supportive Fed measures as concerns about inflation ease. | Fed's cautious stance post-announcement regarding inflation and employment risks leads the market into a cautious phase.,1.791822443667855e-05,0.0005976420305341,Positive
1469,2024-07-31 18:46:00,Positive,Negative,Speculative trading leads to a positive market sentiment as anticipation builds for Fed activity. | Declining confidence in immediate rate cuts after the Fed maintains cautious language despite expectations for easing.,-1.8099219911746237e-05,0.0005247336406411,Positive
1470,2024-07-31 18:47:00,Positive,Negative,Rising confidence in inflation data leads to bullish market activity ahead of Fed communications. | The Fed's commitment to cautious review of the situation despite positive signals led to market retraction.,0.0006153846153845,0.0004526279579237,Positive
1471,2024-07-31 18:48:00,Positive,Negative,"Markets respond favorably to optimism regarding inflation strategy and potential rate adjustments. | Mixed signals in the Fed's policy statement regarding inflation lead to uncertainty, dampening market enthusiasm.",0.000126300993992,0.00068472856205,Positive
1472,2024-07-31 18:49:00,Positive,Negative,"Before the announcement, the market is buoyed by expectations of policy shifts that would support economic growth. | Post-announcement cautious statements from the Fed about the labor market shifts lead to market correction.",-0.0005608759686302,0.0008681416089293,Positive
1473,2024-07-31 18:50:00,Positive,Negative,"The market reacts positively to the Fed stating progress in reducing inflation, showing confidence in a soft landing approach, which is viewed favorably by investors. | Despite positive initial sentiment, any cautious language from Powell regarding the need for more confidence in inflation's sustainability may create concerns among investors, leading them to sell.",-9.055311484400014e-06,0.0006147392782236,Positive
1474,2024-07-31 18:51:00,Positive,Negative,"The Fed's recognition of progress toward their inflation target encourages market optimism about a potential interest rate cut. | Continued focus on unemployment conditions may lead to fears regarding economic growth, causing the market to become reactive and negative based on Powell’s tone.",-0.0008945685169719,0.0007051038672234,Positive
1475,2024-07-31 18:52:00,Positive,Negative,"The Fed announces further progress towards inflation goals, indicating a potential pivot in monetary policy that is well-received by investors. | While there was optimism, signals of slow job growth and cautious commentary from the Fed Chair may lead to a reassessment of expectations, prompting sellers.",0.0012473210251232,0.0009225092250922,Positive
1476,2024-07-31 18:53:00,Positive,Negative,"The Fed's acknowledgment of progress in achieving inflation targets is generally seen as a bullish signal for economic recovery. | Detailed discussions about potential economic slowdowns and soft job gains create market uncertainty, resulting in selling pressure.",-0.0008642965205717,0.0007960054996744,Positive
1477,2024-07-31 18:54:00,Positive,Negative,"The initial statement from the Fed suggests an improving inflation outlook, leading markets to react positively. | Concerns arising from the acknowledgment of job market slowdowns overshadow positive inflation news, prompting a shift towards negative sentiment.",-0.0002569455051565,0.0006510534406364,Positive
1478,2024-07-31 18:55:00,Positive,Negative,"Signals of manageable inflation and efficient policymaking instill confidence in market participants. | Pressure in the job market and any statements indicating caution about cuts create apprehension, dampening earlier optimism.",0.0012663152710499,0.0007690985260452,Positive
1479,2024-07-31 18:56:00,Positive,Negative,"The clear reduction in inflation gives the market confidence, leading to a positive reaction. | The ambiguity in rate cut timelines and concerns about potential economic weakness clouds optimistic sentiment.",-0.0003349814940874,0.0006876956765658,Positive
1480,2024-07-31 18:57:00,Positive,Negative,"The Fed’s acknowledgment of progress towards its inflation goal is reassuring to investors, leading to a positive response. | Concerns about the job market's performance could push investors to remain cautious, thus leading to a correction of the positive sentiment.",-0.0004791920883603,0.0006692350823882,Positive
1481,2024-07-31 18:58:00,Positive,Negative,"Policymakers signal further progress towards achieving inflation targets, prompting optimism in the market. | As Powell discusses job market uncertainties and the need for cautious optimism, trader apprehension leads to a market sell-off.",0.000244080872842,0.000370752174778,Positive
1482,2024-07-31 18:59:00,Positive,Negative,Positive developments in inflation target approaches prompt optimistic market responses. | The recognition of potential job market risks brings uncertainty to investors regarding future economic conditions.,0.000153690295259,0.000434035627091,Positive
1483,2024-07-31 19:00:00,Negative,Negative,"The Fed's acknowledgment of a slowing job market and moderation in job gains raised concerns about the economy's health, which negatively impacted trader confidence. | Indications of possible rate cuts due to labor market concerns led to uncertainty about economic stability, weakening market sentiments. | Continued focus on high unemployment and inflationary pressures likely discouraged investor optimism, reinforcing negative trends.",-0.0005783503689026,0.0007507779144655,Positive
1484,2024-07-31 19:01:00,Negative,Negative,"The Fed's cautious language regarding inflation and unemployment signaled that the economic outlook was uncertain, causing market unease. | Further comments on slower hiring and easing inflation raised doubts about growth sustainability, which negatively affected market confidence. | Despite hints at potential rate cuts, the overarching narrative and ongoing concerns about inflation levels kept market reactions subdued.",0.0006688025784001,0.0005607206164308,Positive
1485,2024-07-31 19:02:00,Negative,Negative,"The Fed acknowledged a cooling job market, which diminished confidence in economic resilience, leading to immediate negative sentiment. | Acknowledgment of elevated inflation despite recent improvements contributed to a lack of confidence, driving negative market reactions. | The implications of potential rate cuts seemed insufficient to alleviate concerns about underlying economic weaknesses, persisting negative sentiments.",-0.0004339718725626,0.0007867322578312,Positive
1486,2024-07-31 19:03:00,Negative,Negative,"The Fed's discussion of potential upcoming rate cuts amid labor market fluctuations led to initial market apprehension. | Market participants reacted negatively to continued warnings about inflation and unemployment, suggesting risks to recovery. | Reassurances of careful monitoring were overshadowed by the sense of urgency regarding job market stability, influencing negative market behavior.",-0.0013558509849262,0.0007414641203703,Positive
1487,2024-07-31 19:04:00,Negative,Negative,"Initial indications of rate cuts due to slowing economic momentum discouraged investor confidence, prompting negative reactions. | The Fed's dual focus on inflation control and unemployment issues created uncertainty, which led to decreased market optimism. | Persistent references to economic fragility kept markets on edge, contributing to continued bearish trading sentiments.",0.0017358683202802,0.0016295491580664,Positive
1488,2024-07-31 19:05:00,Negative,Negative,"Heightened concerns about inflation and labor market stability following policy updates indicated economic volatility, fostering negative reactions. | The Fed's lack of an immediate action plan further exacerbated fears regarding economic recovery, leaving markets unsettled. | Even with slight hints at success in addressing inflation, the overarching caution led to sustained pessimism in market behavior.",9.94585428561e-05,0.0006518314653533,Positive
1489,2024-07-31 19:06:00,Negative,Negative,"Indications of potential rate cuts due to economic pressures led to immediate market apprehension, reflecting investor worries. | Continued signals of economic instability coupled with inflation concerns kept the market in a negative outlook. | The persistent caution in Fed language contributed to unease, leading to sustained negative sentiment in the markets.",-0.0001719982610444,0.0006970596755503,Positive
1490,2024-07-31 19:07:00,Negative,Negative,"Early warnings about inflation and job market concerns led to immediate market wariness, producing negative sentiments. | Signals regarding economic fragility dominated discussions, resulting in lowered market confidence. | Despite slight signals of easing, the overall cautious tone reinforced investor fears of economic instability.",-0.0003258457104751,0.0006879073135409,Positive
1491,2024-07-31 19:08:00,Negative,Negative,"The Fed's insinuations of potential cuts due to economic weakening raised alarms, impacting market confidence negatively. | Ongoing emphasis on economic vulnerabilities overshadowed any signs of improvement, persisting negative reaction from market players. | Conclusive remarks failing to inspire confidence kept a negative market tone due to clarity on economic risks.",-0.000569803032237,0.0005429667704337,Positive
1492,2024-07-31 19:09:00,Negative,Negative,"Fed discussions indicating concerns about labor markets and inflation created immediate uncertainty, affecting market sentiments. | The central bank’s cautious assessments on inflation and economic activity kept investor sentiment low, continuing the negative trend. | The ongoing focus on potential economic risks reinforced negative investor outlook and market reactions.",0.0012036035184127,0.0010141804154518,Positive
1493,2024-07-31 19:10:00,Positive,Negative,"Investors are optimistic about the potential for a rate cut as they interpret movements towards lower inflation and improved employment balance. | Confusion arises from cautious language about the timeline for a rate cut, leading to uncertainty in the market.",-0.0011042313690442,0.0011412836723972,Positive
1494,2024-07-31 19:11:00,Positive,Negative,"Traders show optimism as Fed signals an intention to cut rates, reflecting confidence in cooling inflation dynamics.",0.0007421149137476,0.001249841505606,Positive
1495,2024-07-31 19:12:00,Positive,Negative,"Expectations mount for a rate cut, driven by progressive inflation data and labor market focus. | Amidst rising unemployment, mixed signals regarding rate cuts backtrack initial market enthusiasm.",-0.0001811029898479,0.0005979344084073,Positive
1496,2024-07-31 19:13:00,Positive,Negative,"Marking progress towards 2% inflation is well-received, reinforcing market confidence in potential policy easing. | Despite signs of progress, the cautious stance on assurance creates doubts among investors, leading to market pullback.",-6.338922767279916e-05,0.0004710230257794,Positive
1497,2024-07-31 19:14:00,Positive,Negative,"The talk of imminent rate cuts boosts investor sentiment, believing the Fed is ready to act in response to inflation trends. | Contradicting investor expectations, hints at slower decision-making inject uncertainty and volatility into markets.",0.0007878615412074,0.0008576716226461,Positive
1498,2024-07-31 19:15:00,Positive,Negative,"As confidence builds in manageable inflation, forward-looking traders react positively towards a potential rate cut. | A conservatively worded statement leading to uncertainty overrides initial positivity from signs of progress.",-0.0003986509588873,0.0007154306620902,Positive
1499,2024-07-31 19:16:00,Positive,Negative,"Market vibes are upbeat as previous inflation struggles appear to ease, creating a favorable environment for potential cuts.",7.230485120449998e-05,0.0005883045064126,Positive
1500,2024-07-31 19:17:00,Positive,Negative,"Expectations for a rate cut gain traction as better inflation data emerges, signaling potential easing from the Fed. | Doubts arise as the Fed's language reflects concerns about their credibility, complicating a straightforward path for rate cuts.",-0.0027859551217077,0.0007069479810446,Positive
1594,2024-12-18 18:30:00,No Prediction,Negative,No Insight,-6.661546391650001e-05,0.0003452144502242,Positive
1595,2024-12-18 18:31:00,No Prediction,Negative,No Insight,1.6994036298400016e-05,0.0002726011102301,Positive
1596,2024-12-18 18:32:00,Positive,Negative,"The solid economic outlook from Fed Chair Powell's introduction, highlighting resilience and growth prospects, boosts investor confidence. | Concerns about inflationary pressures and implications of potential changes in monetary policy lead to increased volatility and sell-off. | Reassurances regarding the Fed's commitment to support economic growth despite inflation fears restore market confidence.",-6.609002296414689e-05,0.0002312635247864,Positive
1597,2024-12-18 18:33:00,Positive,Negative,"Encouraging economic recovery narrative leads to a bullish market sentiment. | Clarifications regarding inflation forecasts spark worries about potential rate hikes, causing a shift towards caution. | Final comments emphasizing ongoing support for the economy mitigate earlier negativity, leading to a rally.",-8.181684992927841e-09,0.0001981898658915,Positive
1598,2024-12-18 18:34:00,Positive,Negative,"The strong opening statement enhances optimism on economic resilience. | Empirical data indicating worsening inflation outlook reduces confidence, leading to market pullback. | Fed's reassurances about managing inflation expectations restore market reassurance and confidence.",-3.303273408988551e-05,9.90818416012602e-05,Positive
1599,2024-12-18 18:35:00,Positive,Negative,"The optimistic tone generates strong early market enthusiasm. | Comments indicating tightening of fiscal measures due to inflation concerns lead to market uncertainty. | Concluding remarks focusing on sustained support and mitigating risks bolster confidence, counteracting early negativity.",-0.0001486077654377,0.0001139384732243,Positive
1600,2024-12-18 18:36:00,Positive,Negative,Initial emphasis on strong economic performance encourages bullish market behavior. | Inflationary trends and specific mentions of potential policy changes create jitters among investors. | Final reassurances from Fed leadership regarding maintaining low rates and nurturing economic growth positively influence market sentiment.,3.302019130690908e-05,0.0001486252167451,Positive
1601,2024-12-18 18:37:00,Positive,Negative,"Description of economic resilience resonates well, leading to market gains. | Heightened concerns over inflation unexpectedly impact future rate expectations. | Final thoughts focusing on commitment to support the economy help to stabilize and rally the markets once again.",-3.3029052969784075e-05,0.0001321156672667,Positive
1602,2024-12-18 18:38:00,Positive,Negative,The initial optimistic remarks create a sense of bullish momentum in the markets. | Statements regarding persistent inflation concerns shift the sentiment negatively among investors. | Concluding reassurances regarding market stability and Fed policies provide a positive uplift to investor sentiment.,-0.000132127530864,0.0001486399445078,Positive
1603,2024-12-18 18:39:00,Positive,Negative,"High expectations for economic stability from the Fed's opening remarks sets a positive tone. | Increased discussion about inflation risks creates unease, impacting market performance. | Wrap-up comments reiterating support create a robust market response, overcoming earlier concerns.",0.0001486208491252,0.0002890889568017,Positive
1604,2024-12-18 18:40:00,Positive,Negative,Encouraging tone in initial remarks stirs investor optimism. | Inflationary pressures discussed create doubt about future Fed actions leading to market pullback. | The closing remarks focusing on ongoing economic support uplifts market sentiment significantly.,6.607420132803136e-05,9.911948854334896e-05,Positive
1605,2024-12-18 18:41:00,Positive,Negative,Positive opening statements drive market enthusiasm. | Concerns raised about impending inflation negatively affect market confidence. | Final confirmations of policy support restore market optimism.,-4.95605630081385e-05,0.0001982422520319,Positive
1606,2024-12-18 18:42:00,Positive,Negative,"Confidence in economic recovery is bolstered by the Federal Reserve's commitment to maintaining low rates, leading to optimism among investors. | Concerns about potential inflation and future monetary tightening arise as Powell discusses the economic outlook, leading to market sell-offs.",-4.95654757500525e-05,0.0001652237129073,Positive
1607,2024-12-18 18:43:00,Positive,Negative,Strong descriptions of economic growth and the Fed's dovish stance set a supportive backdrop for investor confidence. | Indications of inflation concerns in Powell's statements cause uncertainties leading to a market downturn as participants reassess risk.,0.0002147845487459,0.0001817550932734,Positive
1608,2024-12-18 18:44:00,Positive,Negative,"The Fed's signals of continued support for economic growth and low-interest rates encourage bullish investor sentiment. | As Powell raises concerns about inflation rates, market players react negatively due to fears of future rate hikes.",-0.0001817436276192,0.0002176254109805,Positive
1609,2024-12-18 18:45:00,Positive,Negative,"Initial reassurances about the economy and a promise for sustained low rates energize the markets. | Market sentiments shift as Powell discusses potential risks and inflation, shaking investor confidence and causing sell-offs.",0.0001321756947673,0.0001487087126781,Positive
1610,2024-12-18 18:46:00,Positive,Negative,"Developments in AI and economic resilience during Powell’s remarks lead to strong investor optimism. | As discussions pivot to inflationary risks, market participants become cautious, leading to reduced demand for equities.",0.0002643459294893,0.0001321811542718,Positive
1611,2024-12-18 18:47:00,Positive,Negative,"Optimistic comments about economic performance and Fed policies foster investor confidence. | Growth concerns seep in following inflation discussions, leading investors to adjust positions downwards.",-0.0001983099293645,0.0003758886047925,Positive
1612,2024-12-18 18:48:00,Positive,Negative,The bullish economic narrative at the start of the conference stirs positive investor sentiment across markets. | Rising concerns regarding inflation and interest rate adjustments create apprehension among investors.,-0.0003302902604628,0.0001734161326551,Positive
1613,2024-12-18 18:49:00,Positive,Negative,"The initial remarks suggest economic stability supported by Fed policies, enthusing market participants. | Later statements regarding potential inflation bring about a risk-off sentiment, impacting market performance.",0.0001816470426867,0.0002477577919827,Positive
1614,2024-12-18 18:50:00,Positive,Negative,"Positive sentiments established in the conference's beginning lead to optimism surrounding continued economic growth. | As Powell touches upon inflation concerns, the subsequent unease leads to a decline in investor enthusiasm.",0.0001156148468376,0.0001651773178507,Positive
1615,2024-12-18 18:51:00,Positive,Negative,The initial mention of economic resilience and Fed support fosters a confident outlook for market participants. | Investor sentiment shifts negatively as inflation discussions provoke anxiety about potential future rate hikes.,-0.0002642482451325,0.0001486546751895,Positive
1616,2024-12-18 18:52:00,Positive,Negative,"The announcement of Federal Reserve rate cuts and strong economic resilience signaled confidence in market recovery, which typically prompts bullish behavior from investors. | Continued optimism around rate cuts and strong performance from AI and technology sectors led to reinforcing positive sentiment, pushing markets higher.",0.0003716268019152,0.000313862825426,Positive
1617,2024-12-18 18:53:00,Positive,Negative,"Interest rate cuts encouraged a favorable outlook for equities, with significant gains being observed in technology stocks. | Market participants responded positively to the Federal Reserve's conciliatory language and continued assurance on maintaining supportive monetary policy.",-0.0001404178385443,0.0002312558846363,Positive
1618,2024-12-18 18:54:00,Positive,Negative,"Investors interpreted the rate cuts as a positive indicator for economic growth, leading to increases in stock valuations. | The overall narrative established by the Federal Reserve fostered confidence among investors, reinforcing the bullish trend in major indexes.",8.256383784105191e-05,0.0001651527663088,Positive
1619,2024-12-18 18:55:00,Positive,Negative,"With the announcement of expansive monetary policies and rate cuts, the sentiment in the market shifted towards optimism. | Ongoing positive rhetoric about economic recovery and technological sector successes sustained bullish investor behavior.",-0.0002957350035929,0.0001981669556601,Positive
1620,2024-12-18 18:56:00,Positive,Negative,"Expectations of interest rate cuts drove market enthusiasm, particularly in technology and energy stocks. | The Federal Reserve's reassurance of continued support aligned with market trends, leading to further gains.",0.0002131657114753,0.0001651336757103,Positive
1621,2024-12-18 18:57:00,Positive,Negative,The market reacted favorably to the cut in interest rates and the anticipated economic policies leading to confidence in further growth. | Investor sentiment remained strong with expectations of sustained economic momentum and further technology sector investments.,-0.000264032433657,0.0002312100543343,Positive
1622,2024-12-18 18:58:00,Positive,Negative,The statement encouraging continued economic growth and the technology sector's performance prompted a positive market reception. | Reinforcing themes of economic resilience and Federal Reserve support led to optimistic trading behavior.,0.0001979789633729,0.0003757628812342,Positive
1623,2024-12-18 18:59:00,Positive,Negative,The anticipated continuation of accommodative monetary policy resulted in heightened investor confidence. | Clarification on future Federal Reserve policies solidified bullish market movements in response to supportive economic narratives.,-0.0027083264524226,0.0001816860465114,Positive
1624,2024-12-18 19:00:00,Positive,Negative,Optimism driven by expected interest rate cuts positively influenced market dynamics. | Continued favorable economic outlook expressed during the conference solidified confidence in market performance.,0.0028076658454588,0.0028153153153152,Positive
1625,2024-12-18 19:01:00,Positive,Negative,Significant rate cuts and supportive Federal Reserve commentary generated positive momentum in the market. | The expansive focus on economic recovery from both Federal Reserve and market actors inspired bullish trends.,0.0006952968125758,0.0008946914971172,Positive
1626,2024-12-18 19:02:00,Positive,Negative,"The market reacts positively as the Federal Reserve announces significant rate cuts in a stable economic environment, suggesting continued support and lower borrowing costs.",-0.0018615366530486,0.0012071535022355,Positive
1627,2024-12-18 19:03:00,Positive,Negative,"Similar to the previous record, the announcement of rate cuts fuels optimism on Wall Street, leading to gains in major indexes.",0.0007276142896164,0.001258653241032,Positive
1628,2024-12-18 19:04:00,Positive,Negative,"Positive sentiment is reflected in market gains driven by favorable economic indicators and supportive Fed actions. | Concerns about inflation becoming persistent lead to market adjustments, counteracting initial optimism.",-0.001234317062269,0.0004636331245741,Positive
1629,2024-12-18 19:05:00,Positive,Negative,"The market shows bullish momentum as the Fed supports growth via rate cuts amidst stable inflation forecasts. | As talks of inflation surface, the market experiences a pullback as investors react to potential future tightening.",0.0006694590879017,0.0017921146953405,Positive
1630,2024-12-18 19:06:00,Positive,Negative,"Firm evidence of economic recovery and rate cuts signal a robust outlook, boosting investor confidence. | Market corrections occur in light of inflation concerns and the implications of expanded fiscal policies under the new administration.",0.0002897507211415,0.0014451587182937,Positive
1631,2024-12-18 19:07:00,Positive,Negative,Successful communication from the Fed about supportive measures fosters optimism about economic resilience.,0.0001897240417364,0.0013052008512901,Positive
1632,2024-12-18 19:08:00,Positive,Negative,"Market indicators suggest strong initial reception of Fed announcements, leading to upbeat trading conditions. | Participants start to factor in monetary policy implications against a backdrop of rising inflation risks.",-0.0003482180716852,0.001246820607451,Positive
1633,2024-12-18 19:09:00,Positive,Negative,"Investors react favorably to rate cuts and remarks on maintaining economic support, prompting trading gains.",7.431950526280001e-05,0.0011981030035775,Positive
1634,2024-12-18 19:10:00,Positive,Negative,"Strong initial reactions to Fed's policies signal increased investor risk-taking, particularly in volatile sectors. | A shift in sentiment occurs as underlying inflation concerns prompt sell-offs in the technology sector.",0.0013976474809972,0.0012152286461021,Positive
1635,2024-12-18 19:11:00,Positive,Negative,The market reaction showcases investor confidence fueled by favorable rate decisions and economic outlooks.,-0.0007157134984908,0.0011154211130905,Positive
1636,2024-12-18 19:12:00,Positive,Negative,"The initial focus on economic resilience and fresh rate cuts boosts investor confidence, aligning with current market trends. | Further details on technology stock performance and positive outlook on rates endorses a bullish sentiment.",0.0001497077925719,0.000932183640177,Positive
1637,2024-12-18 19:13:00,Positive,Negative,"Similar to 1636, strong economic indicators and assurances of rate cuts encourage bullishness. | Dovish comments reaffirm market trends, driving a positive close in technology and energy sectors.",-0.0006819030037956,0.0005158241538819,Positive
1638,2024-12-18 19:14:00,Positive,Negative,"Positive economic growth narratives resonate well with market expectations, leading to an immediate upswing. | Concerns over potential inflation introduced during discussions create unease, prompting some market sell-offs. | The reassertion of previous commitments to low rates helps to stabilize and lift markets back into positive territory.",-3.69178793588e-05,0.0007655056497645,Positive
1639,2024-12-18 19:15:00,Positive,Negative,"The focus on federal rate cuts and economic strength sets an optimistic tone, leading to immediate market gains. | Conclusive remarks emphasizing ongoing Fed support fuels buying, particularly in tech stocks ahead of earnings reports.",0.0002277776460289,0.0011822692909715,Positive
1640,2024-12-18 19:16:00,Positive,Negative,"Commodity-driven optimism about rate cuts lifts markets as investors react positively to the Fed's stance. | Emerging concerns regarding inflation suppress enthusiasm, leading to a dip in equity valuations. | Reassuring evaluations of long-term economic policy bolster confidence in market robustness, resulting in a gain.",0.0006744356358282,0.0005330579200747,Positive
1641,2024-12-18 19:17:00,Positive,Negative,"Confident overview on rate cuts endorses a positive market reaction among investors, leading to significant gains. | Inflationary concerns raised in discussions lead to skepticism, leading to profit-taking and a slight downturn. | Closing remarks that align with market expectations restore investor confidence and encourage renewed purchases.",-0.0009329165698367,0.0003830970901277,Positive
1642,2024-12-18 19:18:00,Positive,Negative,"The upbeat tone about federal rate decisions drives investor sentiment positively. | End comments reinforcing the commitment to economic growth resonate well, reviving market momentum.",0.0011179840920076,0.0008499008449014,Positive
1643,2024-12-18 19:19:00,Positive,Negative,"Focus on rate cuts leads to immediate bullish sentiment across major indexes. | Mid-discourse shifts to inflation highlights cause investors to pull back, leading to slight losses. | Concluding reaffirmation of support policy offsets inflation worries, resulting in market recovery.",0.0001812306028104,0.0006998600279943,Positive
1644,2024-12-18 19:20:00,Positive,Negative,"Strong opening with reassurances sets a positive tone for trading, leading to prominent gains. | Discussion on potential risks introduces caution, leading investors to take profits resulting in declines. | Final affirmations on Fed support cushion market falls and encourage recovery leading to gain.",-9.21503824372e-05,0.0007660538236078,Positive
1645,2024-12-18 19:21:00,Positive,Negative,"Pivotal tone focused on economic strength and support from the Fed leads to initial market rallies. | Confident wrap-up resonates well with investor optimism and invites a buying surge, particularly in tech stocks.",-0.0003244972884241,0.0009155832265152,Positive
1646,2024-12-18 19:22:00,Positive,Negative,"Investors are optimistic due to the strong economic resilience and prior market performance. The mention of the AI revolution and expected Federal Reserve rate cuts signals potential growth. | Continuing bullish sentiment as the Fed's stance on rate cuts supports higher market levels. The confirmation of low interest rates reassures investors about ongoing support. | Unexpected comments from Powell hinting at concerns about inflation create some unease in the markets, leading investors to reassess risk levels. | Rhetoric around potential policy changes under the new administration introduces uncertainty, causing the market to pull back.",-0.0006319541273163,0.000665358129013,Positive
