id,Time,Combined_Prediction,Combined_Actual,Combined_Insight
1254,2024-01-31 18:30:00,Negative,Negative,"Initial statements focused on maintaining high interest rates and the need for continued vigilance on inflation, causing concern among investors about prolonged high rates. | Reiterating that the Federal Reserve will only consider rate cuts when inflation is reliably under control led to increased uncertainty and worry over economic growth prospects."
1255,2024-01-31 18:31:00,Negative,Negative,"Early remarks indicated a cautious approach to potential rate cuts, suggesting economic conditions are still fragile, leading to investor anxiety. | Continued emphasis on the Fed's inflation targets and the need for confirmation before any rate adjustments triggered fear of monetary policy tightening."
1256,2024-01-31 18:32:00,Negative,Negative,Acknowledgment of high inflation levels with no immediate action signal led to negative sentiment among investors worrying about future rate hikes. | Fed's strong commitment to monitoring inflation closely without clear guidance on easing interest rates caused further worry in the markets.
1257,2024-01-31 18:33:00,Negative,Negative,"The Fed's decision to keep rates high amidst potential cuts later raised concerns about economic slowdown, impacting market confidence. | Statements focusing on the need for substantial economic improvement before considering rate cuts created a negative outlook."
1258,2024-01-31 18:34:00,Negative,Negative,"Initial communication on keeping high rates raised doubts about the economy's resilience, leading to a negative market reaction. | Continued focus on inflation control and slow progress toward cuts confirmed negative sentiment among investors."
1259,2024-01-31 18:35:00,Negative,Negative,Indications that rate cuts are not imminent due to current economic conditions triggered investor fears of tightening policy. | Explicit mention of sustained high rates while inflation still above target led to concerns about economic growth and profitability.
1260,2024-01-31 18:36:00,Negative,Negative,Conversation around the continuation of high interest rates caused investor concern regarding future economic slowdowns. | Fed’s cautious stance on anticipated economic conditions without immediate action created a negative market view.
1261,2024-01-31 18:37:00,Negative,Negative,"Initial statements indicated a delay in any rate cuts, causing immediate investor unease. | The lack of definitive guidance on shifts in monetary policy despite promising economic indicators stoked fears of prolonged high rates."
1262,2024-01-31 18:38:00,Negative,Negative,Fed officials' caution and uncertainty surrounding future rate cuts led to broad market negativity. | Continued emphasis on inflation and economic checks without clear path to rate reductions maintained a negative market outlook.
1263,2024-01-31 18:39:00,Negative,Negative,"Opening remarks highlighted the Fed's hesitance to lower rates soon, invoking fear about immediate economic stability. | Focus on inflation risks alongside a cautious approach to monetary policy raised significant concerns for market participants."
1264,2024-01-31 18:40:00,Negative,Negative,"The Fed's decision to maintain the federal funds rate at 5-1/4 to 5-1/2 percent indicates continued restrictive monetary policy, which may unsettle markets looking for rate cuts amid easing inflation. | Chair Powell's cautious tone about future rate cuts suggests uncertainty that may negatively impact investor sentiment, leading to selling pressure."
1265,2024-01-31 18:41:00,Negative,Negative,"While the Fed held rates steady, hints at future cuts were overshadowed by continued inflation risks, causing uncertainty among investors. | Further remarks on the Fed's wait-and-see approach regarding inflation targets likely lead markets to feel cautious rather than optimistic."
1266,2024-01-31 18:42:00,Negative,Negative,"Maintaining high rates amid steadiness in growth signals a firm approach against inflation, which may concern investors looking for responsive policy adjustments. | Powell's remarks about needing more confirmation on inflation moving towards target imply that the Fed is still not ready to pivot, causing uncertainty."
1267,2024-01-31 18:43:00,Negative,Negative,"The statement holding interest rates steady demonstrates the Fed's commitment to balancing inflation control which could drive cautious market behavior. | Concerns expressed by Powell regarding future economic moderation may heighten anxiety about market stability, reflecting a negative sentiment."
1268,2024-01-31 18:44:00,Negative,Negative,"The Fed's firm stance on retaining high interest rates amid uncertainty could lead markets to lower expectations for growth. | Market reaction may further reflect unease as Powell indicates further data is required for future rate cuts, leaving investors uncertain."
1269,2024-01-31 18:45:00,Negative,Negative,"The Fed maintaining current rates sends a clear message of vigilance on inflation, which may lead market traders to reevaluate positions. | If Powell communicates a lack of urgency for rate cuts, it may contribute to a bearish sentiment among traders fearing prolonged high rates."
1270,2024-01-31 18:46:00,Negative,Negative,"Retaining rates at current levels likely reflects inflation vigilance, prompting a retraction in market optimism regarding cuts. | Cautious comments from Powell regarding the need for more evidence before cutting rates may result in an overall negative market reaction."
1271,2024-01-31 18:47:00,Negative,Negative,High interest rates without immediate cuts create anxiety in the market since they could signal economic hurdles ahead. | Further insights from Powell on waiting for sustainable inflation adjustments may heighten investor concerns about prolonged tight policies.
1272,2024-01-31 18:48:00,Negative,Negative,The determination to keep interest rates steady heightens fears of reduced liquidity and potential challenges ahead for economic growth. | Continued emphasis on inflation monitoring from Powell may deter action-oriented sentiment among investors as uncertainty reigns.
1273,2024-01-31 18:49:00,Negative,Negative,"The Fed’s decision to not decrease interest rates reflects ongoing concern about inflation, which may produce cautious trading behavior. | Powell's signaling of a need for further confirmation on inflation movement could reinforce negative market sentiment as traders recalibrate expectations."
1274,2024-01-31 18:50:00,Negative,Negative,"The Federal Reserve opted to maintain a higher federal funds rate amid concerns about inflation, indicating a measured approach toward rate cuts despite improving consumer confidence. This signals ongoing strict monetary policy, which is often perceived negatively by the markets."
1275,2024-01-31 18:51:00,Negative,Negative,"The Fed announced that it would retain current interest rates, reflecting its cautious strategy to combat inflation. This decision generally dampens market sentiment and prospects for economic expansion. | Positive remarks from Fed officials on economic growth were tempered by warnings about inflation risks, causing traders to react negatively due to fear of prolonged high rates."
1276,2024-01-31 18:52:00,Negative,Negative,"The Fed's decision to keep rates steady amid robust economic indicators raised concerns of tighter monetary policy lasting longer than typically expected, leading to negative trader sentiment."
1277,2024-01-31 18:53:00,Negative,Negative,"The Fed's decision to maintain current interest rates reflects ongoing concerns regarding inflation persistence, which broadly unsettles investors anticipating cuts. | Even as Powell spoke to a positive economic outlook, underlying worries about potential inflation spikes received focus, causing further market apprehension."
1278,2024-01-31 18:54:00,Negative,Negative,"Acknowledgment of sustained higher interest rates created an atmosphere of caution and anxiety about future economic sluggishness, which negatively impacts markets."
1279,2024-01-31 18:55:00,Negative,Negative,"The directive to maintain higher rates came alongside cautious assessments of inflation trends, causing equities to react negatively due to the fear of prolonged economic pressure. | Investors grew increasingly concerned as Powell indicated that the Fed would observe longer-term trends before instigating rate cuts, prompting a bearish sentiment."
1280,2024-01-31 18:56:00,Negative,Negative,"The Fed's stance on holding rates, paired with slowing overall economic growth, incited anxiety in the markets reflective of a decrease in investor confidence."
1281,2024-01-31 18:57:00,Negative,Negative,"Market response was negative as the Fed's continued commitment to current rate levels emphasized a tightly controlled monetary environment, heightening fears of stagnation."
1282,2024-01-31 18:58:00,Negative,Negative,"Investor confidence was shaken by the Fed's announcement to maintain rates, fostering fears of an extended period without cuts as inflation remains uncertain."
1283,2024-01-31 18:59:00,Negative,Negative,The recommendation to refrain from rate changes amidst strong economic indicators prompted apprehension regarding potential stagnation and risk of inflation control efforts.
1284,2024-01-31 19:00:00,Negative,Negative,"Despite holding rates steady, the Fed signaled that they are not ready to cut rates, which may indicate economic caution. This suggests a risk-averse sentiment that can lead to market disappointment. | Chair Powell's press conference communicated that while the Fed acknowledges moderating inflation, they emphasized the need to be cautious, implying that substantial progress is still required before considering rate cuts."
1285,2024-01-31 19:01:00,Negative,Negative,"While maintaining rates, Powell's remarks suggested a delay in potential cuts, which may heighten concerns about the economy's trajectory, leading to market pessimism. | Powell detailed the Fed’s cautious stance regarding inflation, which might not resonate well with market expectations for a more aggressive approach to rate cuts."
1286,2024-01-31 19:02:00,Negative,Negative,"The Fed's decision to maintain high rates without imminent cuts signals sustained inflation concerns, causing investor anxiety. | Powell’s emphasis on the need for further economic data before cutting rates fuels market concerns about continued economic constraints."
1287,2024-01-31 19:03:00,Negative,Negative,"The Fed's decision to maintain rates implies a focus on inflation risks, potentially heightening market fears about prolonged economic stress. | Powell's statements regarding inflation exceeding target levels maintain a tone of caution, leading to negative market sentiments."
1288,2024-01-31 19:04:00,Negative,Negative,"The Fed's cautious outlook on interest rates without a clear path to cuts suggests continued economic pressure, leading to market decline. | Investor disappointment due to Powell's commitment to keeping rates high until more substantial progress on inflation occurs, indicating potential market downturn."
1289,2024-01-31 19:05:00,Negative,Negative,"The Fed’s message of holding rates steady suggests concern over sustaining high inflation, causing market jitters. | Acknowledging economic resilience while stressing the need for careful monitoring before cuts may lead to market unease about future policy moves."
1290,2024-01-31 19:06:00,Negative,Negative,"Indications of holding interest rates high without imminent cuts create investor uncertainty regarding the economic outlook. | Powell's comments on the status of inflation and potential delays in cuts suggest ongoing economic challenges, heightening market negativity."
1291,2024-01-31 19:07:00,Negative,Negative,"Signals of maintaining rates indicate economic caution, leading to decreased market confidence as investors speculate on future cuts. | Powell's cautious tone regarding dovish policies amid ongoing inflation concerns may further dampen market enthusiasm."
1292,2024-01-31 19:08:00,Negative,Negative,"Market concerns rise as the Fed holds rates steady, indicating ongoing inflation challenges, leading to reduced investor optimism. | The cautious nature of Powell's remarks regarding inflation targets suggests a reluctance to make immediate changes in policy, contributing to market retreat."
1293,2024-01-31 19:09:00,Negative,Negative,"The Fed's decision to keep rates unchanged implies inflation concerns persist, leading to hesitance in market responses. | While signaling some economic recovery, Powell's caution regarding future rate cuts indicates ongoing hurdles that could concern investors."
1294,2024-01-31 19:10:00,Negative,Negative,"Powell's cautious tone regarding the timing of rate cuts created uncertainty in the markets, as he emphasized the need for continued progress on inflation without committing to any specific adjustments."
1295,2024-01-31 19:11:00,Positive,Negative,"The mention of six good months of moderating inflation and acknowledgment of a strong economy gave investors hope for a potential easing of rates, boosting confidence in market stability."
1296,2024-01-31 19:12:00,Negative,Negative,"Despite the healthy economic indicators, Powell's emphasis on needing more good data before making cuts led to concerns about slow policy shifts, creating downward pressure on markets."
1297,2024-01-31 19:13:00,Negative,Negative,"Statements from Powell indicating a cautious approach to cutting rates kept investor sentiment muted, as concerns about inflation persistence remained high, affecting market confidence."
1298,2024-01-31 19:14:00,Positive,Negative,"Increased consumer confidence signals and strong economic growth combined with interest rate discussions were perceived favorably, leading to a mild uptick in market sentiment."
1299,2024-01-31 19:15:00,Negative,Negative,"Concerns regarding potential over-tightening and inflation led to a negative reaction as Powell indicated a more measured, less aggressive approach to rate cuts."
1300,2024-01-31 19:16:00,Negative,Negative,"Emphasis on the sustained need for high rates to ensure inflation control resulted in market apprehension, as participants feared prolonged monetary tightening."
1301,2024-01-31 19:17:00,Negative,Negative,"The mixed signals regarding rate cuts due to prevailing inflation kept investors cautious, resulting in negative market movement despite hints of potential cuts."
1302,2024-01-31 19:18:00,Negative,Negative,Market reaction turned negative as Powell's commitment to maintain restrictive policies pointed to uncertainty about imminent rate cuts despite optimistic sentiment.
1303,2024-01-31 19:19:00,Negative,Negative,"The emphasis on continuing high rates until inflation is confidently on target created a bearish outlook among investors, leading to a general sell-off."
1304,2024-03-20 18:30:00,Negative,Negative,"The tone remains cautious about inflation, with emphasis on maintaining rates, indicating uncertainty that may lead to market unease."
1305,2024-03-20 18:31:00,Positive,Negative,"Market optimism due to indications of a robust economy and potential for future rate cuts, which could spur growth. | Subsequent updates indicate persistent inflationary pressures leading to concerns over stability and future rate trajectories."
1306,2024-03-20 18:32:00,Positive,Negative,Comments regarding economic growth projections lead to positive market adjustments as investors digest the implications.
1307,2024-03-20 18:33:00,Negative,Negative,"Initial reactions reflect caution over unchanged rates amidst elevated inflation, causing market jitters. | Follow-up explanations provided by Chair Powell about manageable inflation risks lead to a rebound in positive sentiment."
1308,2024-03-20 18:34:00,Negative,Negative,"Heightened concerns arise from inflation narrative changes, impacting market expectations regarding future rate paths."
1309,2024-03-20 18:35:00,Positive,Negative,"Expectations of growth and rate cuts buoy the market, reflecting confidence in economic recovery. | Concerns prompted by persistent inflation data prompt a reassessment, leading to market pullback."
1310,2024-03-20 18:36:00,Negative,Negative,"Market reacts poorly to the ongoing rate status despite strong economic data, as concerns about inflation persist."
1311,2024-03-20 18:37:00,Positive,Negative,Market optimism due to strong labor data prompts positive sentiment as traders bank on efficiency of rate strategy.
1312,2024-03-20 18:38:00,Negative,Negative,Market confusion as steady rates against high inflation lead to skepticism and hesitation among traders.
1313,2024-03-20 18:39:00,Positive,Negative,Positive expectation from comments on healthy job market and economic growth stimulates market confidence. | Follow-up discussions on inflation temper initial optimism as traders process potential negative economic implications.
1314,2024-03-20 18:40:00,Negative,Negative,"The Fed's decision to maintain rates at a high level indicates a cautious stance despite some positive economic indicators, which may signal to the market a continued period of high rates. | If Powell emphasizes confidence in controlling inflation moving towards the target, the market may respond positively as investors take cues of potential rate cuts in the near future."
1315,2024-03-20 18:41:00,Negative,Negative,"The Fed's forward guidance indicating a prolonged high rate environment clashes with market expectations of rate cuts, leading to immediate pessimism. | Uncertainty around inflation and shadowing signs of a weakening economy during Powell's delivery could further dampen market outlook. | Investor optimism may return if Powell clarifies that rate cuts could begin if inflation recedes more persistently, hence validating market expectations of easing policies."
1316,2024-03-20 18:42:00,Negative,Negative,"Any remarks indicating a delay in rate cuts or persistent inflation concerns could elicit negative reactions from investors worried about economic stagnation. | If clarity on economic strength and potential for cuts is elaborated during the QA, there could be an upside shift in sentiment, returning confidence in the market."
1317,2024-03-20 18:43:00,Negative,Negative,"The Fed's cautious stance amidst strong labor indicators may cause immediate market retreat as participants digest the implications of sustained rates. | A clear articulation by Powell that the Fed is open to adjusting rates could encourage positive market reception, suggesting readiness to pivot policies."
1318,2024-03-20 18:44:00,Negative,Negative,"Concern over inflation not decelerating quickly enough to prompt cuts could lead investors to react negatively to the Fed's tone. | If Powell highlights confidence in the economic outlook or signals potential easing if inflation trends downwards, markets could respond positively."
1319,2024-03-20 18:45:00,Negative,Negative,"The Fed's continued high rates amidst fluctuating economic indicators could create immediate pressure in the market as investors anticipate slow growth. | Powell's references to ongoing inflation pressures may cause the market to respond negatively as concerns about persistent high rates mount. | Significant responses from Powell reinforcing the possibility of cuts could invigorate market confidence, overriding prior cautious sentiments."
1320,2024-03-20 18:46:00,Negative,Negative,"Investors react negatively to sustained high rates suggesting concerns over continued inflation and its impact on growth trajectories. | As Powell's remarks on potential flexibility regarding rates bolster market confidence, investors may refresh their optimism for upcoming rate adjustments."
1321,2024-03-20 18:47:00,Negative,Negative,"Investors absorb persistent references to inflation which could lead to fears of extended high rates, prompting a negative outlook. | Should Powell provide insights into potential easing on the horizon, this could lead to an energized market response, restoring confidence."
1322,2024-03-20 18:48:00,Negative,Negative,The Fed's continued high rates with no cut possibilities indicated may lead the market into a cautious retreat. | Clarity regarding future potential rate cuts mixed with ongoing economic strength could help inspire positive investor sentiment.
1323,2024-03-20 18:49:00,Negative,Negative,"Fears about inflation not receding and uncertainty about the borrowing landscape could weigh negatively on market outlooks. | As Powell signals readiness to engage in cuts if inflation stabilizes, optimistic trends could emerge, lifting market responses."
1324,2024-03-20 18:50:00,Negative,Negative,"Despite the Fed maintaining rates, the tone suggests uncertainty regarding inflation control, leading to investor apprehension. | Chair Powell's comments on inflation pressure and the wait-and-see approach may lead to concerns about future economic stability."
1325,2024-03-20 18:51:00,Negative,Negative,"Analysts perceive the Fed's stance as cautious with high inflation forecasts that may dampen market optimism. | The emphasis on persistent inflation issues suggests challenges for future economic growth, influencing sell-offs in markets."
1326,2024-03-20 18:52:00,Negative,Negative,Assurances of continued high rates amid inflation uncertainties create a bearish outlook among investors. | Chair Powell's acknowledgment of ongoing risks contributes to market fears of a potential recession.
1327,2024-03-20 18:53:00,Negative,Negative,"Fed's commitment to monitor inflation without decisive actions signals potential instability, causing market decline. | Discussions around inflation expectations lead to doubts about recovery effectively, impacting market confidence."
1328,2024-03-20 18:54:00,Negative,Negative,"The statement's focus on high inflation casts doubt over market resilience, triggering immediate selloffs. | The tone regarding inflation risks suggests a longer wait for cuts and potential economic weakness, unsettling investors."
1329,2024-03-20 18:55:00,Negative,Negative,"The Fed's uncertainty about inflation control heightens fears, prompting a negative market reaction. | Chair Powell's cautious outlook on future inflation creates concern regarding economic outlook, impacting market volatility."
1330,2024-03-20 18:56:00,Negative,Negative,"The Fed's decision to keep rates unchanged amid persistent inflation risks is perceived as negative, weakening market sentiment. | Statements indicating ongoing inflation challenges detract from market confidence, resulting in negative movement."
1331,2024-03-20 18:57:00,Negative,Negative,"Retention of high rates amid inflation concerns suggests economic instability, leading to a cautious market response. | Comments on inflation timing and risks further unsettle investors, contributing to a bearish sentiment in the markets."
1332,2024-03-20 18:58:00,Negative,Negative,"The combination of high rates and inflation uncertainty leads to discontent, impacting investor confidence negatively. | Discussion of persistent inflation issues creates worries about future economic health, which exacerbates market reactions."
1333,2024-03-20 18:59:00,Negative,Negative,"The Fed's commitment to high rates without visible urgency indicates long-term risks, causing a negative market reaction. | Continued caution on inflation management implies a slow recovery, contributing to bearish market perspective."
1334,2024-03-20 19:00:00,Negative,Negative,"The Fed maintained rates without any signs of immediate cuts, which was already anticipated. However, statements about continued inflation risk kept a cautious market tone. | The overall lack of decisive signals on rate cuts caused the market to shift to a more bearish sentiment, reflecting traders' disappointment."
1335,2024-03-20 19:01:00,Negative,Negative,"Similar to the previous reaction, the maintenance of the rate without impactful changes led to an initial negative market sentiment, particularly with inflation discussions. | Continued concerns about inflation and lack of clear-cut easing led to a pessimistic outlook."
1336,2024-03-20 19:02:00,Negative,Negative,"The Fed’s commitment to high rates without a decisive cut plan sent a clear signal to the market, reinforcing negative sentiment. | Concerns about the Fed's ability to manage inflation effectively intensified as Powell reiterated necessity of slow data review. | As the market adjusted to the Fed statements, a consensus began to form around potential prolonged high rates, further dampening confidence."
1337,2024-03-20 19:03:00,Negative,Negative,"The Fed’s decision to hold rates did not surprise the market but reinforced fears of ongoing inflation risks. | Responses about the duration of high rates and inflation targets shifted investor tone back to caution due to Powell's lack of reassurance. | The market continued to react to the lack of favorable monetary policy signals, with investors bearish on future economic conditions."
1338,2024-03-20 19:04:00,Negative,Negative,Maintained high rates without definitive signals of easing caused immediate concern among investors. | Investors reacted negatively to Powell's emphasis on inflation persistence without a clear plan for cuts. | A reassessment of the Fed's position led to a consensus of pessimism within the market regarding future monetary easing.
1339,2024-03-20 19:05:00,Negative,,"The Fed's reluctance to cut rates immediately amidst enduring inflation suggests continued caution in monetary policy, unsettling investors. | Further elaboration on the uncertainties related to inflation could dissuade investors from taking bullish positions, leading to negative market movements."

,Negative,No Insight
1340,2024-03-20 19:06:00,Negative,Negative,Consistency in rate maintenance but continued inflation concerns caused market unease. | Pressure at the conference regarding the handling of inflation and possible future cuts resulted in negative sentiment. | Post-conference evaluations showed a continued bearish outlook as uncertainty lingered around the Fed trajectory.
1341,2024-03-20 19:07:00,Negative,Negative,"The Fed's steadfast rate approach was seen negatively amid ongoing inflation concerns. | Investors received unflattering reiterations regarding rate cuts, amplifying existing worries. | Market declines followed due to outlying uncertainty and continued emphasis on inflation risks."
1342,2024-03-20 19:08:00,Negative,Negative,"Commands to keep rates at elevated levels provoked a negative market outlook as inflation worries loomed. | Reaffirmation of controlling inflation without clear future rate cuts, led to bearish sentiment in markets. | Prolonged uncertainty around monetary policy and inflation expectations further solidified a negative market reaction."
1343,2024-03-20 19:09:00,Negative,Negative,"Confirmation of sustained high rates sparked economic concern, causing a negative reaction from investors. | The perceived indecision regarding inflation rates and pressures led to heightened market pessimism. | The overarching tone reflected a consensus of wariness about future economic conditions, aligning with fears of economic downturn."
1344,2024-03-20 19:10:00,Negative,Negative,"During the press conference, Powell's emphasis on prevailing inflation risks and the lack of urgency for rate cuts led to concerns in the market, reflecting uncertainty about future monetary policy."
1345,2024-03-20 19:11:00,Negative,Negative,"Investors reacted negatively to Powell's acknowledgment of persistent inflation pressures and the possibility of delays in rate cuts, which created uncertainty."
1346,2024-03-20 19:12:00,Negative,Negative,"Heightened concerns over inflation and a less aggressive stance on rate cuts expressed by Powell led to a shift in sentiment, causing a market decline."
1347,2024-03-20 19:13:00,Positive,Negative,"The market reacted positively upon confirmation of unchanged rates as it aligned with investor expectations, indicating stability. | As Powell reiterated the sticky inflation concerns, market confidence diminished, leading to a negative turn in sentiment."
1348,2024-03-20 19:14:00,Positive,Negative,"The decision to maintain rates was consistent with market predictions, fostering initial optimism. | During the presser, Powell's cautious tone regarding inflation and slow recovery diminished investor optimism, resulting in a market decline."
1349,2024-03-20 19:15:00,Negative,Negative,"The emphasis on inflationary pressures and Powell’s guarded approach led to a more cautious market sentiment, prompting a downturn."
1350,2024-03-20 19:16:00,Negative,Negative,"Powell's remarks on the uncertainty of future cuts due to inflation risks sparked concern, causing negative market reactions."
1351,2024-03-20 19:17:00,Positive,Negative,"The Fed held rates steady, reassuring investors, which initially buoyed market sentiment. | Increased caution regarding inflation and Powell's comments about the slow path to recovery shifted the mood negatively."
1352,2024-05-01 18:30:00,Negative,Negative,"Market sentiment soured as Powell discussed ongoing concerns about inflation pressures, triggering concerns about future economic stability."
1353,2024-05-01 18:31:00,Positive,Negative,"The maintained interest rates aligned well with market expectations, leading to an immediate positive reaction. | Discussion of potential prolonged inflation problems shifted market sentiment negatively, countering earlier optimism."
1354,2024-05-01 18:32:00,Negative,Negative,"The initial announcement of maintaining the current interest rates indicates a cautious approach by the Fed. Given recent inflation data showing a lack of progress, markets reacted negatively as expectations for rate cuts were diminished. | During the Q&A, Chair Powell's comments about prolonged high rates and careful assessment of inflation led to increased market anxiety. Investors interpreted this as a signal that the Fed is not ready to pivot towards easing monetary policy."
1355,2024-05-01 18:33:00,Negative,Negative,"The decision to hold rates steady, amidst rising inflation, suggests that the Fed is vigilant but not proactive. This cautious stance fueled concerns among investors leading to a negative reaction. | Powell's insistence on needing 'persuasive evidence' before making any cuts caused further unease, which translated into selling pressure in the markets as traders adjusted their expectations."
1356,2024-05-01 18:34:00,Negative,Negative,"The maintenance of interest rates at high levels, coupled with the statement about stalled inflation progress, triggered uncertainty and negative sentiment among investors. | Chair Powell’s comments indicating that inflation remains too high reinforced fears of sustained high rates, contributing to a continued negative market reaction."
1357,2024-05-01 18:35:00,Negative,Negative,"The Fed's decision to hold interest rates unchanged, paired with warnings on inflation, alarmed investors, resulting in a bearish market sentiment. | As Powell elaborated on the potential delays for rate cuts, market participants reacted negatively due to increased concerns about economic stability and persistent inflation."
1358,2024-05-01 18:36:00,Negative,Negative,"The Fed's decision not to change rates, combined with inflation risks, heightened investor anxiety, leading to a bearish reaction in the market. | During the press conference, Powell’s cautious tone on future rate adjustments and reiterating inflation concerns led to further negative sentiment."
1359,2024-05-01 18:37:00,Negative,Negative,"Announcing that rates will stay high despite economic resilience indicated a reluctance to ease, which was interpreted negatively by the market. | Powell's remarks about ongoing inflation pressures and no immediate plans for cuts further fueled market fears, contributing to a negative market sentiment."
1360,2024-05-01 18:38:00,Negative,Negative,"The Fed maintaining high rates, despite a solid job market, indicated persistent inflation concerns, causing a risk-off sentiment among investors. | Powell’s emphasis on the need for evidence of inflation control resulted in heightened anxiety about future monetary policy, thereby negatively affecting market reactions."
1361,2024-05-01 18:39:00,Negative,Negative,"Holding rates steady without signs of easing despite resilient growth stoked concerns of slower economic momentum, triggering a negative market response. | Insights from Powell regarding sustained inflation and lack of immediate cuts contributed to fear and selling pressure in the market."
1362,2024-05-01 18:40:00,Negative,Negative,"The Fed’s decision not to cut rates even amidst robust economic performance raised alarms regarding future growth, leading to negative market sentiment. | Powell's emphasis on the need for further confidence before cutting rates suggested a longer hold on current rates, heightening market distress."
1363,2024-05-01 18:41:00,Negative,Negative,"Maintaining the current rate amid rising inflation signals a cautious Fed stance which alarmed markets, resulting in a negative reaction. | More details on Powell's concerns regarding inflation managed to sustain and amplify the market's bearish reaction during the press conference."
1364,2024-05-01 18:42:00,Negative,Negative,"The message of persistent high inflation, despite some economic growth, suggests a cautious approach from the Fed. This might be interpreted as a signal against imminent rate cuts, leading to a negative reaction. | Powell’s acknowledgment of inflation risks and delay in potential rate cuts, coupled with uncertain economic outlook, reinforces market skepticism and results in a sustained negative reaction."
1365,2024-05-01 18:43:00,Negative,Negative,"The focus on elevated inflation and the statement that no immediate cuts are expected likely causes investors to react negatively, anticipating continued tight monetary policy. | Comments indicating the need for data showing inflation control before cuts suggest prolonged high rates, heightening concerns about economic growth and resulting in further negative sentiment."
1366,2024-05-01 18:44:00,Negative,Negative,"The emphasis on inflation remaining above target without sufficient progress signals market participants that rate cuts are unlikely soon, leading to negative adjustments. | Powell's affirmations about inflation remaining a concern, raising doubts about immediate policy loosening, contribute to sustained market wariness."
1367,2024-05-01 18:45:00,Negative,Negative,"Statements focusing on high inflation and hesitance to adjust rates downward contribute to a negatively skewed market perception regarding future monetary policy, prompting sell-offs. | The continued emphasis on inflation risks and economic caution solidifies a negative outlook as investors digest the likelihood of prolonged high interest rates."
1368,2024-05-01 18:46:00,Negative,Negative,"The strong focus on inflation and hesitance regarding rate cuts creates concerns about future monetary tightening, instigating a negative market response. | Powell’s reiteration of economic caution and inflation concerns sustain a negative atmosphere, with investors reacting poorly to uncertainties ahead."
1369,2024-05-01 18:47:00,No Prediction,Negative,No Insight
1370,2024-05-01 18:48:00,Negative,Negative,"The balance of ongoing elevated inflation without progress signals a restrictive policy maintains implications consistent with negative market sentiment. | Further discussion about careful monitoring and adjustment relate to dampened expectations of forthcoming rate adjustments, leading to negative market activity."
1371,2024-05-01 18:49:00,Negative,Negative,"Immediate focus on inflation remaining sticky and a lack of progress in rates spurs a skeptical market response, anticipating uncertainty in Fed policy updates. | Continued emphasis on the economic outlook raises fears concerning inflation management, resulting in sustained negative market perception."
1372,2024-05-01 18:50:00,Negative,Negative,An overarching caution regarding inflation leads to investor uncertainty and a negative market reaction given the lack of pledges for imminent rate cuts. | The reemphasis on inflation risks alongside a non-committal stance on rate adjustments fosters an atmosphere of caution and pessimism in the market.
1373,2024-05-01 18:51:00,Negative,Negative,"Clear signals that inflation remains above expectations without resolution intensify market concerns, prompting immediate negative sentiment. | Powell's focus on the economic balancing act conveys uncertainty, solidifying the prevailing cautious market outlook and leading to negative reactions."
1374,2024-05-01 18:52:00,Negative,Negative,"The emphasis on persistent inflation being above target signals to the market that the Fed is likely to maintain its current policy stance, not easing rates anytime soon. | If Powell reiterates that rate cuts will depend on a significant drop in inflation, this reinforces market skepticism about near-term relief from high rates."
1375,2024-05-01 18:53:00,Negative,Negative,Mention of not reducing rates until inflation is confidently moved towards the target raises concerns about prolonged high rates. | The market interprets Powell's cautious tone and lack of commitment to rate cuts as a signal of sustained monetary tightness.
1376,2024-05-01 18:54:00,Negative,Negative,"The Fed's decision to hold rates and the warning on inflation suggests a continuing focus on fighting inflation over easing policy. | If Powell emphasizes that inflation control must precede any rate cuts, confidence in immediate economic easing diminishes."
1377,2024-05-01 18:55:00,Negative,Negative,"The continued high inflation narrative leads to negative sentiment, causing fear of extended tight monetary policy. | If market participants sense that there are no signals for imminent rate cuts or more aggressive easing, they may react negatively."
1378,2024-05-01 18:56:00,Negative,Negative,Similar warnings about inflation and vague hints about future monetary policy tighten sentiment around the markets. | Further discussions about the economy keeping its strength bolster concerns regarding inflation and implicate slow easing.
1379,2024-05-01 18:57:00,Negative,Negative,"Indications of high inflation and the uncertainty surrounding rate cuts keep the market pessimistic about short-term adjustments. | If Powell downplays the likelihood of rate cuts, it reflects negatively on market sentiment."
1380,2024-05-01 18:58:00,Negative,Negative,The Fed's focus on inflation concerns despite a solid economy suggests prolonged rates and keeps the markets cautious. | Emphasis on the need for decisively lower inflation before cuts leads to negative responses from the market.
1381,2024-05-01 18:59:00,Negative,Negative,"Ongoing concerns of inflation and hints at sustained interest rates lead to a negative outlook in the market. | If Powell indicates a cautious approach to rate cuts, it would adversely affect sentiment."
1382,2024-05-01 19:00:00,Negative,Negative,"Reaffirmed inflation targets without commitment to easing signals market indecisiveness, causing negative reactions. | Powell's remarks about inflation complicating rate cuts lead to entrenched negative sentiment."
1383,2024-05-01 19:01:00,Negative,Negative,"Significance placed on inflation management opens the door for a prolonged interest rate environment, leading to negative market implications. | Continued emphasis on restrictive measures instead of easing suggests ongoing negative sentiments."
1384,2024-05-01 19:02:00,Negative,Negative,"Despite solid job gains and low unemployment, the lack of progress toward the 2% inflation target indicates a cautious tone which may lead to a negative market reaction, as investors are likely to be wary of prolonged high interest rates. | During Powell's press conference, his cautious rhetoric regarding inflation and the necessity of maintaining current rates signals concern over economic momentum, leading to a negative market sentiment."
1385,2024-05-01 19:03:00,Negative,Negative,"The announcement of maintaining rates along with indications of high inflation figures gives a hawkish signal, suggesting tightening conditions which negatively affects market confidence. | The press conference echoes concerns about stubborn inflation, dampening hopes for immediate rate cuts and suggesting sustained economic pressure, which typically results in negative sentiment."
1386,2024-05-01 19:04:00,Negative,Negative,"Holding rates steady amidst persistent inflation suggests that the Fed is taking a cautious approach, causing market uncertainty and likely a negative response. | As Powell discusses the economic outlook and ongoing inflation challenges, the tone remains cautious, reinforcing negative market responses due to fears of prolonged high interest rates."
1387,2024-05-01 19:05:00,Negative,Negative,"The Fed's decision to keep rates unchanged along with concerns about inflation stagnation indicate a hawkish outlook, which typically leads to market negativity. | During the Q&A, Powell's explanations regarding inflation rates being above target prompt further investor unease, continuing to drive a negative market reaction."
1388,2024-05-01 19:06:00,Negative,Negative,"The decision to prolong high rates amidst mixed economic signals heightens uncertainty about future monetary policy, contributing to a bearish market response. | Powell's remarks about the economy needing to consistently show improvement before rate cuts lead to continued apprehension among investors, maintaining a negative sentiment."
1389,2024-05-01 19:07:00,Negative,Negative,"The press release indicates rates will remain at current levels due to persistence in inflation, leading to a market reaction based on fear of stagnant economic growth. | During the press conference, Powell's framing of inflation as a critical hurdle in decision-making evokes concerns about potential long-term economic impacts, reinforcing negative market sentiments."
1390,2024-05-01 19:08:00,Negative,Negative,"The repeated indication of maintaining high interest rates due to elevated inflation creates a cautious sentiment, leading to a negative market impact. | Powell’s insights on why inflation is stubborn prevent optimism in the market, culminating in a negative reaction from investors as they anticipate a prolonged period of high rates."
1391,2024-05-01 19:09:00,Negative,Negative,"The Fed's continued focus on inflation amidst low employment signals worries over economic stability, generating a negative market response. | As Powell details the uncertainty of reaching inflation targets, the sentiment shifts negatively as investors grapple with potential delays in rate cuts."
1392,2024-05-01 19:10:00,Negative,Negative,"The decision to maintain the current target range underlines concerns over inflation and results in uncertainty, triggering a negative market response. | With Powell expressing deeper concerns about inflation trends, expectations of future policy adjustments lead to a bearish market sentiment."
1393,2024-05-01 19:11:00,Negative,Negative,"Keeping rates steady while inflation remains high breeds skepticism regarding monetary policy effectiveness, resulting in market negativity. | During the press conference, Powell's emphasis on inflation persistence and market uncertainty reinforces a negative outlook among investors."
1394,2024-05-01 19:12:00,Negative,Negative,"The Fed maintained the target rate, signaling caution towards potential rate cuts, which suggests sustained inflationary pressures."
1395,2024-05-01 19:13:00,Negative,Negative,"Maintaining high rates coupled with sticky inflation suggests to the market that monetary easing is further away, which could stress economic performance and investor sentiment. | Powell's remarks about the ongoing challenges in achieving inflation targets, along with uncertainty in future policy actions, reaffirm concerns in the markets about sustained high borrowing costs."
1396,2024-05-01 19:14:00,Negative,Negative,"The decision to hold rates steady amidst elevated inflation signals ongoing caution, which weighs on market optimism. | Discussion around why cuts are not imminent, despite strong job growth and economic resilience, generates further anxiety in the market."
1397,2024-05-01 19:15:00,Negative,Negative,"Persisting inflation and outputs remaining above target lead to a cautious market, seeing no immediate easing of rates. | Powell's emphasis on needing more concrete evidence before altering policies induces a bearish tone for the markets."
1398,2024-05-01 19:16:00,Negative,Negative,The announcement to leave rates unchanged despite high inflation leads to disappointment in market expectations for rate cuts. | Market participants realize the Fed's cautious tone about future economic projections signals continued pressure on growth prospects.
1399,2024-05-01 19:17:00,Negative,Negative,"The Fed's decision to keep rates at a high level suggests ongoing inflationary concerns, which dampens investor sentiment. | As there is a lack of clarity from Powell on when cuts may occur, this uncertainty translates into negative market reactions."
1400,2024-05-01 19:18:00,Negative,Negative,Continuous high interest rates alongside unyielding inflation expectations create a bearish outlook for investors. | Powell's remarks that future cuts depend on inflation progress instills concern regarding the Fed's commitment to easing.
1401,2024-06-12 18:30:00,Negative,Negative,"Maintaining the rate due to high inflation indicates a tough stance that investors perceive negatively concerning asset performance. | Uncertainty surrounding the timeline for potential monetary easing adds to market anxiety, reflecting a bearish sentiment."
1402,2024-06-12 18:31:00,Negative,Negative,"Maintaining high rates amidst inflation concerns and slow progress signals to markets that cuts may be distant. | Powell's insights on data dependency for future cuts indicate rigidity in monetary policy, leading to further market pessimism."
1403,2024-06-12 18:32:00,Negative,Negative,Reaffirmed high rates due to inflation concerns convey a lack of confidence among investors regarding a rate cut anytime soon. | Powell's comments on needing substantial evidence before rate changes lead to a bearish outlook for the market.
1404,2024-06-12 18:33:00,Negative,Negative,"Despite solid economic expansion and sustained job gains, the Fed's emphasis on persistent inflation risks and their cautious stance on interest rate cuts indicated a reluctance to ease monetary policy, causing negative sentiment in the market. | As Powell elaborated on maintaining the current rates and warned of uncertainties in the economic outlook, the market perceived this as a signal that the Fed is not ready to reduce rates, leading to further negative sentiment."
1405,2024-06-12 18:34:00,Negative,Negative,"The Fed's decision to hold interest rates steady amid ongoing inflation concerns and lack of improvement towards its targets gave investors an impression of a cautious approach, leading to a negative market reaction. | Further elaboration by Powell on the lack of sufficient inflation control and a potential delay in rate cuts reinforced market fears of prolonged high rates, resulting in additional negative responses."
1406,2024-06-12 18:35:00,Negative,Negative,"The Fed's sustained high rates combined with persistent inflation pressures left investors worrying about economic overheating, resulting in a negative market sentiment. | Powell's discussion of the ongoing challenges in inflation normalization and reiteration of vigilant policy approach further dampened investor confidence, leading to a steep negative market response."
1407,2024-06-12 18:36:00,Negative,Negative,"The Fed's announcement to keep interest rates at a high level due to insufficient progress on inflation underscored concerns over economic growth, resulting in a negative market reaction. | Further comments by Powell on the slow progress of inflation in relation to Fed's goals heightened market concerns about a protracted period before rate cuts, prompting deeper negative market reactions."
1408,2024-06-12 18:37:00,Negative,Negative,"The Fed's decision to maintain significantly high interest rates amid ongoing inflation concerns created a sentiment of uncertainty, resulting in negative market responses. | As Powell highlighted the cautious approach regarding inflation management, the market's apprehension about extended high borrowing costs manifested in a negative reaction."
1409,2024-06-12 18:38:00,Negative,Negative,"The Fed's decision to keep rates unchanged, amidst continuing inflation above target, was interpreted negatively by the market as it signaled possible long-term borrowing costs. | Following Powell's comments reinforcing high rates and the need for patience, markets reacted negatively as it further highlighted the Fed’s less aggressive future rate cut stance."
1410,2024-06-12 18:39:00,Negative,Negative,"The anticipation about the Fed maintaining high interest rates amidst ongoing inflation concerns caused negative sentiment in the stock market. | Powell's assertions about needing more conclusive data to initiate cuts emphasized a prolonged period of high lending rates, leading to negative market sentiment."
1411,2024-06-12 18:40:00,Negative,Negative,"The Fed's conclusion to maintain rates amidst inflation risks created a market sentiment reflecting investor uncertainty about the financial health, prompting a negative response. | As Powell reiterated a cautious stance on potential future rate changes, this further stoked investor concerns about economic stability, resulting in market negativity."
1412,2024-06-12 18:41:00,Negative,Negative,"The Fed's announcement to maintain high rates amidst recurring inflation issues was not well-received, leading to a negative market response. | When Powell communicated the cautious outlook and the enduring focus on inflation management, it exacerbated investor concerns, manifesting in further negative market sentiment."
1413,2024-06-12 18:42:00,Negative,Negative,"Despite solid job gains, the lack of progress towards inflation targets influenced a negative perception in the market regarding the Fed's monetary policy direction. | As Powell underscored the cautious approach towards potential rate cuts, this perspective solidified market anxiety, leading to negative reactions."
1414,2024-06-12 18:43:00,Negative,Negative,"Although inflation eased, the Fed maintained a cautious tone regarding future rate cuts, indicating they would need more confidence in sustained inflation improvement before making a policy adjustment. | The emphasis on risks to inflation and the uncertainty of the economic outlook created apprehension among investors, reinforcing their expectation that no immediate rate cuts will occur."
1415,2024-06-12 18:44:00,Negative,Negative,"The indication that while inflation has improved, it is not enough to prompt rate cuts led to disappointment among traders expecting a more aggressive monetary easing. | Statements regarding monitoring inflation closely and the continuation of the current policy stance, combined with a focus on potential economic uncertainty, further influenced market concerns."
1416,2024-06-12 18:45:00,Negative,Negative,"Investors reacted negatively to the Fed's decision to maintain rates, signaling that expectations for imminent rate cuts were not met, despite signs of easing inflation. | The Fed's cautious language regarding inflation risks and the economic outlook heightened market concerns about the potential for sustained high-interest rates."
1417,2024-06-12 18:46:00,Negative,Negative,"The failure to announce rate cuts, despite expectations for easing inflation, left investors unsettled, interpreting it as a sign of prolonged restrictive monetary policy. | Fed Chair Powell's comments regarding inflation moving slowly toward targets and the need for ongoing vigilance contributed to the negative sentiment in the market."
1418,2024-06-12 18:47:00,Negative,Negative,"Investors reacted negatively as the Fed's decision to hold rates steady was not aligned with growing expectations for rate cuts, especially in light of recently weaker inflation figures. | The continued emphasis on needing inflation to trend sustainably towards 2% confirmed for the market that rate cuts are not imminent, leading to further selling pressure."
1419,2024-06-12 18:48:00,Negative,Negative,"Market disappointment arose from the absence of a clear path toward lower rates amidst still high inflation, contrasting with heightened investor hopes for quicker cuts. | The cautious approach from the Fed regarding future rate adjustments, including a reiteration of high inflation rhetoric, dissuaded investors from taking a bullish stance."
1420,2024-06-12 18:49:00,Negative,Negative,"The Fed’s reiteration of its stance on maintaining rates created a negative reaction as market participants had anticipated more aggressive easing measures given the inflation context. | Fed Chair Powell's focus on uncertainty around inflation targets and the need for sustained improvement kept the market on edge, fostering a pessimistic outlook."
1421,2024-06-12 18:50:00,Negative,Negative,"The decision to keep rates unchanged alongside mixed inflation signals dampened market expectations for rate cuts, leading to a negative sentiment. | With Fed officials expressing caution regarding future rate cuts and the ongoing inflation landscape, market participants braced for a more extended period of high rates."
1422,2024-06-12 18:51:00,Negative,Negative,"The Fed's decision to maintain the current rate in light of persistent inflation opened the door for investor skepticism regarding future easing, causing a negative reaction. | Concerns about prolonged inflation rates and the Fed's defensive tone led the market to interpret that significant rate cuts remain distant, enhancing negative sentiment."
1423,2024-06-12 18:52:00,Negative,Negative,"Market participants viewed the Fed's decision to hold rates as a sign of commitment to controlling inflation rather than easing monetary policy, invoking a negative sentiment. | Further emphasis on needing to monitor economic indicators and inflation trends instilled a cautious meaning for market participants, leading to continued negative reactions."
1424,2024-06-12 18:53:00,Negative,Negative,"The Fed's decision to maintain the target range for rates at 5-1/4 to 5-1/2 percent suggests a cautious approach, which may reflect uncertainty about the economic outlook, leading investors to sell off. | Despite the positive indicators on job gains, Powell's emphasis on the elevated inflation and lack of progress towards the 2% target could reinforce fears of prolonged high rates."
1425,2024-06-12 18:54:00,Negative,Negative,"The decision to hold rates steady and the committee's focus on the uncertainty of the economic outlook may contribute to a negative sentiment in the market. | Recognizing the persistent inflation and the need for continued caution in policy implies the likelihood of high rates remaining longer, unsettling investors."
1426,2024-06-12 18:55:00,Negative,Negative,"The Fed's decision to not cut rates aligns with ongoing inflation concerns, which can lead to expectations of lower growth, causing a sell-off. | Additional emphasis on the unpredictability of the economic indicators and low confidence in meeting the inflation target can further deter investor optimism."
1427,2024-06-12 18:56:00,Negative,Negative,"A clear message of maintaining rates along with observations of inflation above the target might lead to decreased investor confidence, especially in growth-oriented sectors. | Powell's indication that the path to 2% inflation is complicated could do little to reassure the market, leading to a continuation of sell-offs."
1428,2024-06-12 18:57:00,Negative,Negative,"Prolonged high rates and lingering inflation concerns are likely to generate apprehension among investors, leading to a negative reaction. | Indications of slower than expected rate cuts may lead to fears of economic stagnation, contributing to negative market sentiment."
1429,2024-06-12 18:58:00,Negative,Negative,"Holding rates unchanged amidst persistent inflation suggests a tighter monetary environment, which can lead to bearish sentiment. | Continued high inflation rates indicated a cautious and deliberate approach from the Fed, likely contributing to nervousness in financial markets."
1430,2024-06-12 18:59:00,Negative,Negative,"Fed Chair Powell's language surrounding the necessity of sustained high rates may depress market confidence, leading to a sell-off. | Final remarks emphasizing the Fed's commitment to fighting inflation but acknowledgment of challenges might create lingering fears in the market."
1431,2024-06-12 19:00:00,Negative,Negative,"Holding rates at current levels signals to markets that the Fed remains cautious, which does not align well with investor expectations. | Powell's assurances about monitoring inflation may be perceived as insufficient, further contributing to a bearish market outlook."
1432,2024-06-12 19:01:00,Negative,Negative,"The market anticipated rate cuts but the Fed's commitment to maintaining the current rate suggests a persistent tighten, resulting in negative sentiment. | Conflicting signals concerning future rate cuts versus current economic uncertainties can lead to market anxiety and selling pressure."
1433,2024-06-12 19:02:00,Negative,Negative,"A tone of caution regarding inflation persistence leads to fears of ongoing high rates, which markets likely interpret negatively. | Repeated emphasis on the current hurdles to achieving 2% inflation signals potential for prolonged adjustments, unsettling to market confidence."
1434,2024-06-12 19:03:00,Negative,Negative,"Despite solid economic growth and strong job gains, the market reacted negatively due to sustained inflation concerns and the lack of progress towards the 2% inflation target. The tone of the statement indicated continued caution from the Fed. | Chair Powell's comments reinforced the view that significant caution would remain, especially regarding inflation. Investors may have interpreted the Fed's approach as too cautious, leading to fears about future monetary policy tightening."
1435,2024-06-12 19:04:00,Negative,Negative,"Although inflation data was stable, the persistent elevated levels created an atmosphere of uncertainty, resulting in a negative market sentiment as investors feared potential future rate hikes. | The overall sentiment after Powell's press conference remained cautious due to inflation risks and hints towards maintaining high rates, leading to decreased market confidence."
1436,2024-06-12 19:05:00,Negative,Negative,"The cooler inflation report provided some relief, but the overall economic outlook remained cautious. The slight decrease in inflation was not enough to offset worries about ongoing high rates. | The tone of Powell's remarks indicated more time would be needed to truly gauge inflation's downward trajectory, which further underlined market concerns about prolonged high rates."
1437,2024-06-12 19:06:00,Negative,Negative,"The initial positive sentiment from the inflation report soured as the Fed’s cautious tone regarding future cuts became clear, leading markets to express concern over economic stagnation. | Comments from Powell suggested a reluctance to hastily make rate cuts which keeps uncertainty high. This weighed heavily on market reactions."
1438,2024-06-12 19:07:00,Negative,Negative,"The cooler-than-expected inflation reading hinted at slower growth, which was not enough to convince the market of rate cuts, leading to cautious sentiments. | Investors reacted negatively to Powell's comments on needing several months of data to assess monetary policy, reinforcing fears about sustained high borrowing costs."
1439,2024-06-12 19:08:00,Negative,Negative,"Although the CPI indicated stability, persistent inflation fears overshadowed the news, resulting in a negative market reaction as expectations of rate cuts waned. | Powell's insistence on waiting for more data before considering rate cuts signaled continued caution, keeping market confidence low."
1440,2024-06-12 19:09:00,Negative,Negative,"The report on inflation did not radically change investor expectations of rate movements, leaving markets unsettled about the Fed's future actions. | The tone and forward guidance delivered by Powell indicated a cautious approach, dampening any hopes for immediate monetary easing."
1441,2024-06-12 19:10:00,Negative,Negative,"Despite signs of moderately declining inflation, worries over gradual economic cooling created a negative response in the market. | The overall tone of caution and lack of definitive cuts from the Fed left investors feeling anxious about future monetary policy stability."
1442,2024-06-12 19:11:00,Negative,Negative,"Market reactions were negative as traders remained cautious about persistent inflation despite some encouraging signs. | Comments by Powell about needing to monitor inflation trends reinforced fears surrounding potential future hikes, prompting market declines."
1443,2024-06-12 19:12:00,Negative,Negative,"Investors were unsettled by mixed signals about inflation stability, leading to a negative sentiment immediately after the announcement. | The insistence on further data before changing policy indicated a prolonged period of high rates, contributing to market dissatisfaction."
1444,2024-06-12 19:13:00,Negative,Negative,"Market skepticism grew as the Fed indicated a commitment to monitoring inflation, suggesting potential rate cuts may be postponed."
1445,2024-06-12 19:14:00,Negative,Negative,"The decision to keep interest rates steady was perceived as too hawkish in an environment where inflation is still elevated. | Comments at the press conference indicated that while progress on inflation is acknowledged, the delay in rate cuts was concerning for investors."
1446,2024-06-12 19:15:00,Negative,Negative,The Fed's projections showing fewer cuts than anticipated disappointed markets that were hoping for more aggressive monetary easing.
1447,2024-06-12 19:16:00,Negative,Negative,The announcement of no cuts led to worries about ongoing inflation despite recent data suggesting improvement. | Powell's cautious remarks regarding future cuts incited fears that the Fed might be slower than anticipated to react to changing economic conditions.
1448,2024-06-12 19:17:00,Negative,Negative,Markets reacted adversely to Powell's comments that suggested a wait-and-see approach regarding rate cuts amid high inflation.
1449,2024-06-12 19:18:00,No Prediction,Negative,No Insight
1450,2024-06-12 19:19:00,Negative,Negative,Powell's remarks emphasizing inflation concerns led to growing unease among investors about the future trajectory of rate cuts.
1451,2024-06-12 19:20:00,Negative,Negative,"The announcement to maintain the current rates against the backdrop of elevated inflation left investors disappointed. | The tone of the Q&A session, which highlighted ongoing inflation concerns with minimal commitment to immediate cuts, reinforced negative sentiment."
1452,2024-06-12 19:21:00,Negative,Negative,The Fed's cautious stance regarding future cuts despite positive economic indicators disappointed market expectations. | Comments on needing more data to support cuts led to fears that rate reductions may be delayed longer than anticipated.
1501,2024-09-18 18:30:00,Positive,Negative,"The cut in rates indicated a proactive stance towards supporting the economy amid inflation concerns, which was welcomed by markets. | Powell's comments about the progress on inflation fostered optimism, suggesting that the Fed is mindful of maintaining economic momentum."
1502,2024-09-18 18:31:00,Positive,Negative,"The Fed's statement expresses greater confidence that inflation is moving towards the 2% target, signaling a cautious yet supportive approach to the economy which typically sparks optimism in the market. | Investors may react negatively if Powell's responses indicate uncertainty or if the emphasis shifts toward potential further economic weakening, raising concerns about future growth."
1503,2024-09-18 18:32:00,Negative,Negative,"Revised unemployment forecasts and slower job growth may lead to skepticism regarding economic strength, which can dampen market confidence. | If Powell reassures the public about manageable inflation levels and labor market stability, this assurance can uplift market sentiment."
1504,2024-09-18 18:33:00,Positive,Negative,"The cut in the federal funds rate amidst falling inflation provides immediate relief to market participants, who may view this as a supportive measure for economic growth."
1505,2024-09-18 18:34:00,Negative,Negative,"If the sentiment is perceived as overly cautious regarding future rate adjustments, this concern could lead to a negative response as market participants weigh the implications for economic growth. | If analysts highlight the potential for additional supportive measures and emphasize the Fed's commitment to stable inflation, this may restore some optimism."
1506,2024-09-18 18:35:00,Positive,Negative,"A significant cut by half a percentage point instills confidence among investors that the Fed is responding proactively to support economic health. | If Powell expresses concerns about inflation's trajectory or job market weaknesses, this may shift sentiment to a more negative outlook."
1507,2024-09-18 18:36:00,Positive,Negative,"The proactive stance by the Fed suggests an intention to stimulate the economy, instilling confidence in market participants."
1508,2024-09-18 18:37:00,Negative,Negative,"If the statement hints at volatility in inflation or weakening labor markets, it may lead to fears among investors about the Fed's future actions. | As details emerge that could support the case for sustained growth despite pressures, market sentiment could shift back to optimism."
1509,2024-09-18 18:38:00,Positive,Negative,"The significant cut reassures markets that the Fed's focus is still on economic growth and stability. | If Powell's comments regarding inflation and economic risk are perceived as ambiguous or cautious, it could create uncertainty, leading to a downward shift in market sentiment."
1510,2024-09-18 18:39:00,Positive,Negative,"The market receives encouragement from the decisive action on interest rates, providing a sense of stability."
1511,2024-09-18 18:40:00,Positive,Negative,The Fed's acknowledgment of progress in inflation and reassurances regarding economic stability resonate well with investors. | Continued concerns about global economic uncertainties might shift sentiment downward once the immediate excitement wanes.
1512,2024-09-18 18:41:00,Positive,Negative,"The Fed's announcement of a significant cut in interest rates by 50 basis points signals aggressive action against inflation, instilling confidence in market participants about the Fed's commitment to fostering economic growth. | Market sentiment turned negative as investors digested Chairman Powell's comments regarding the pace of future cuts, indicating that the reduction was not necessarily the new standard, which raised doubts about continued aggressive easing."
1513,2024-09-18 18:42:00,Positive,Negative,"The Fed's rate cut reflection of greater confidence in inflation moving toward target likely eased market concerns, providing an optimistic outlook. | Powell's caution about balancing the labor market and potential economic impacts raised apprehensions, leading to a cautious market response."
1514,2024-09-18 18:43:00,Positive,Negative,"The unexpected half-point cut indicates urgency from the Fed to respond to economic conditions, which typically boosts market confidence. | As the market analyzed the implications of Powell's comments about inflation and future cuts being more measured, it shifted sentiment negatively."
1515,2024-09-18 18:44:00,Positive,Negative,The market reacted positively to the rate cut as the Fed's proactive approach aligned with market expectations for increased easing. | Concerns over the Fed's changing tone toward the risks in the economy and unemployment rising caused investors to recalibrate their expectations.
1516,2024-09-18 18:45:00,Positive,Negative,"The significant cut illustrates the Fed's confidence in managing inflation, signaling stability which is viewed favorably by the markets. | Market participants grew cautious as Powell detailed future uncertainties and risks, causing a shift from initial optimism to skepticism."
1517,2024-09-18 18:46:00,Positive,Negative,"The aggressive rate cut is perceived as a strong measure to boost economic growth, leading to initial market positivity. | Concerns about the Fed not having a clear path and potential future economic implications led to investor caution, reversing initial market enthusiasm."
1518,2024-09-18 18:47:00,Positive,Negative,"The Fed's clear commitment to combat inflation through rate cuts reassured markets, enhancing investor confidence. | As specifics on the future of interest rate policy were revealed, uncertainty crept in, causing a dip in market sentiment."
1519,2024-09-18 18:48:00,Positive,Negative,"The Fed’s announcement of a cut signaled strong action for economic support, initially lifting market spirits. | As investors assessed Powell's cautious tone regarding the labor market and future economic outlook, the positive sentiment faded."
1520,2024-09-18 18:49:00,Positive,Negative,"Confirmation of a significant rate cut provided initial market support, reflecting confidence in handling inflation. | Analysis of the Fed's cautious approach to future economic projections and labor market concerns prompted negative feelings in the market."
1521,2024-09-18 18:50:00,Positive,Negative,"The announcement of a cut paints a picture of proactive monetary policy aimed at maintaining economic stability, driving initial market gains. | As Powell's remarks revealed potential economic challenges ahead, markets reacted with caution, leading to a downturn in sentiment."
1522,2024-09-18 18:51:00,No Prediction,Negative,No Insight
1523,2024-09-18 18:52:00,No Prediction,Negative,No Insight
1524,2024-09-18 18:53:00,No Prediction,Negative,No Insight
1525,2024-09-18 18:54:00,No Prediction,Negative,No Insight
1526,2024-09-18 18:55:00,No Prediction,Negative,No Insight
1527,2024-09-18 18:56:00,No Prediction,Negative,No Insight
1528,2024-09-18 18:57:00,No Prediction,Negative,No Insight
1529,2024-09-18 18:58:00,No Prediction,Negative,No Insight
1530,2024-09-18 18:59:00,No Prediction,Negative,No Insight
1531,2024-09-18 19:00:00,No Prediction,Negative,No Insight
1532,2024-09-18 19:01:00,Positive,Negative,"The market reacted positively as the Fed's significant half-point rate cut signals confidence in controlling inflation while balancing economic growth, relieving some borrowing pressure. | As Jerome Powell cautioned against assuming the rate cut is the new norm, suggesting a cautious approach to future cuts, the market showed signs of concern, pulling back."
1533,2024-09-18 19:02:00,Positive,Negative,"Investors viewed the Fed's enthusiasm about inflation control as validation of effective monetary policy, leading to confidence in market stability. | As details emerged about possible restrictions in monetary policy post-cuts, concerns arose about sustained economic growth, pulling market sentiment down."
1534,2024-09-18 19:03:00,Positive,Negative,"The announcement implied a commitment to sustaining economic recovery, showing responsiveness to inflation, boosting investor confidence. | Contrary indications regarding labor market pressure and inflation projections led to mixed feedback from investors, causing some pullback in market gains."
1535,2024-09-18 19:04:00,Positive,Negative,The substantial cut embraced by the Fed reassured markets about aggressive inflation management and potential economic growth. | The broader concerns regarding the job market and slowing growth raised apprehensions about the sustainability of the current economic momentum.
1536,2024-09-18 19:05:00,Positive,Negative,"The Fed's commitment to reducing rates demonstrated an adaptive response to economic conditions, inspiring market optimism. | Concerns began to surface about whether the economy could keep up with monetary easing without triggering inflationary pressures once more."
1537,2024-09-18 19:06:00,Positive,Negative,"The Fed's proactive reduction of rates indicated a commitment to nurturing growth, while curbing inflation expectations bolstered market trust. | Acknowledgment of labor market weaknesses and a measured outlook on cuts led to re-evaluation of optimistic projections, causing a market downturn."
1538,2024-09-18 19:07:00,Positive,Negative,"Market confidence soared on the Fed's decisive stance to address inflation while assisting economic growth. | Discussions focused on the potential risks of over-easing and added caution to the projections led to shifts in market expectations, dampening the euphoria."
1539,2024-09-18 19:08:00,Positive,Negative,"The half-point cut was seen as a pivotal victory in the Fed's struggle against inflation, elevating market spirits. | Cautions on the sustainability of economic recovery and future outlook projected uncertainty, thus leading to a pullback."
1540,2024-09-18 19:09:00,Positive,Negative,"The proactive approach of cutting rates alongside a confident assessment of inflation brought immediate positive market sentiment. | Initial enthusiasm waned as caution regarding employment shifts and balanced forecasts set a tone of apprehension, resulting in market adjustments."
1541,2024-09-18 19:10:00,Positive,Negative,"The message of supporting economic health and confidence in enduring inflation control created favorable market conditions. | In light of potential economic inconsistencies and the nuanced tone regarding challenges ahead, the initial enthusiasm gave way to market hesitancy."
1542,2024-09-18 19:11:00,Positive,Negative,"The cut of 50 basis points signals strong commitment to combating inflation, positively impacting market sentiment as investors perceive it as a decisive action to stabilize the economy. | While the half-point cut initially uplifted markets, Fed Chair Powell’s caution about the pace of future cuts dampened enthusiasm, signaling potential volatility ahead."
1543,2024-09-18 19:12:00,Positive,Negative,The unexpected decision to cut rates by 50 basis points fueled immediate stock market gains as it was seen as a strong proactive move to ensure economic stability.
1544,2024-09-18 19:13:00,Positive,Negative,"The 50 basis point cut aligns with expectations of proactive Fed action to support economic recovery, leading to confidence among investors. | Powell's emphasis on the uncertain economic landscape tempered initial excitement, indicating that while action has been taken, ongoing challenges remain."
1545,2024-09-18 19:14:00,Positive,Negative,"The decision to cut rates was anticipated, and the size of the cut exceeded expectations, providing a boost to market confidence. | Comments related to the labor market and potential political scrutiny raised concerns which dampened the initial positive market reaction."
1546,2024-09-18 19:15:00,Positive,Negative,"The rate cut reflected growing confidence in controlling inflation which was well-received by the market. | Discussions about balancing rate cuts with the labor market led to concerns about the fragility of economic improvements, causing a decrease in market optimism."
1547,2024-09-18 19:16:00,Positive,Negative,The initiation of a rate cut cycle creates investor confidence in the Fed’s commitment to economic stability.
1548,2024-09-18 19:17:00,Positive,Negative,"The reduction in rates was seen as a decisive step to support consumer spending and business investment, benefiting market sentiment. | Concerns over labor market weakness and how it could hinder future growth led investors to foster a more cautious outlook, despite the rate cut."
1549,2024-09-18 19:18:00,Positive,Negative,"The aggressive cut indicates the Fed's readiness to act, fostering optimism among investors regarding economic recovery. | Powell's cautious statements regarding the sustainability of inflation control and political optics caused uncertainty, impacting market stability."
1550,2024-09-18 19:19:00,Positive,Negative,"The perceived commitment to more rate cuts stimulates investor confidence, leading to a rally in stocks."
1551,2024-11-07 18:30:00,Positive,Negative,"The signal of more rate cuts aligns with market expectations, fostering a positive reception."
1552,2024-11-07 18:31:00,Positive,Negative,"The reduction of benchmark policy rate by 25 bps aligns with market expectations, suggesting a stabilizing monetary policy supportive of the economy. | Concerns arose regarding Trump’s potential economic policies that could reverse disinflationary efforts, leading to skepticism about future rate cuts."
1553,2024-11-07 18:32:00,Positive,Negative,"The market received the rate announcement positively, viewing it as a prudent move to sustain economic growth amidst stabilizing inflation. | Questions regarding rising unemployment claims and disruption from hurricanes raised concerns about the health of the labor market, tempering enthusiasm."
1554,2024-11-07 18:33:00,Positive,Negative,"Investors welcomed the 25 bps cut, indicating a continued commitment to controlling inflation as it approaches the Fed's target. | Increased uncertainty over Trump's policies hinted at complicating the Fed's inflation control, leading investors to worry about potential future inflation."
1555,2024-11-07 18:34:00,Positive,Negative,"The anticipated rate cut suggests effective management of inflation expectations, which is positively viewed by the markets. | Concerns about Trump's economic policies resurrecting inflationary pressures cause a negative sentiment shift among investors."
1556,2024-11-07 18:35:00,Positive,Negative,"The decision reflects the Fed's commitment to fostering economic stability and addressing inflation, garnering market approval. | The uncertainties surrounding Trump's fiscal policies raised fears of inflation returning, thus dampening initial positive reactions."
1557,2024-11-07 18:36:00,Positive,Negative,"The anticipated rate cut met market expectations, indicating that the Fed aims to support economic growth while keeping inflation on target. | Heightened concern over potential inflation from Trump's policies led to skepticism about the Fed's ability to maintain disinflation."
1558,2024-11-07 18:37:00,Positive,Negative,"The rate cut was expected and thus received positively, signaling to investors that the Fed is responding wisely to economic conditions. | Speculation about Trump's trade policies igniting inflationary trends caused market nerves, overshadowing earlier positivity."
1559,2024-11-07 18:38:00,Positive,Negative,"The 25 bps cut aligns with investor expectations, suggesting effective Fed measures to ensure economic stability. | Concerns about Trump's potential policies reversing inflation control measures led to doubts about the Fed’s strategy moving forward."
1560,2024-11-07 18:39:00,Positive,Negative,"The announced rate cut was in line with market expectations, viewed as necessary for supporting economic growth. | Rising uncertainties surrounding Trump's economic agenda fueled market pessimism about ongoing inflation control."
1561,2024-11-07 18:40:00,Positive,Negative,"A rate cut was anticipated and welcomed, signaling ongoing support for the economic recovery amid easing inflation. | Concerns emerged regarding potential inflation from Trump's policies that could disrupt the Fed’s objectives."
1562,2024-11-07 18:41:00,Negative,Negative,"The anticipation of a 25 basis point rate cut aligns with comments on balancing inflation and employment goals, signaling an uncertain economic outlook which could weigh on investor sentiment. | Comments from Powell regarding inflation nearing the target may be interpreted as cautious, reinforcing fears of potential economic instability under a new administration."
1563,2024-11-07 18:42:00,Negative,Negative,"Investors react to the anticipated 25 basis point cut amidst ongoing inflation concerns, leading to a cautious sentiment as market expectations shift with the re-election of Trump. | Powell's lack of clear guidance on future cuts may increase uncertainty, causing further downward pressure as investors digest potentially inflationary policies."
1564,2024-11-07 18:43:00,Negative,Negative,"Initial rate cut and future uncertainty combined with the upcoming political landscape lead to fears regarding prolonged inflation, resulting in a swift negative response from the market. | Statements emphasizing the need for sustained economic performance in light of anticipated slow growth further dampen market confidence."
1565,2024-11-07 18:44:00,Negative,Negative,"While a 25 bps cut was anticipated, the acknowledgment of risks and potential economic shifts under Trump contribute to a cautious negativity from investors. | The market remains unsettled due to Powell's focus on maintaining the labor market in the face of rising inflationary pressures."
1566,2024-11-07 18:45:00,Negative,Negative,"Trump's election as a potential headwind for monetary policy creates anxiety among investors, resulting in a negative outlook. | Absence of clear signal on future monetary policy from Powell combined with rising bond yields contributes to a downward sentiment."
1567,2024-11-07 18:46:00,No Prediction,Negative,No Insight
1568,2024-11-07 18:47:00,Negative,Negative,"The Fed's cautious approach to managing inflation expectations amidst a changing political landscape triggers concern, affecting market confidence negatively. | Powell's commentary suggesting potential difficulties in managing inflation leads to further negativity, as market participants assess the implications of increased fiscal pressures."
1569,2024-11-07 18:48:00,No Prediction,Negative,No Insight
1570,2024-11-07 18:49:00,Negative,Negative,The expectation of a rate cut is overshadowed by the higher-than-expected inflation pressures which could complicate the Fed's future decisions. | Uncertainty regarding the sustainability of the Fed's inflation targets amidst projected fiscal policies contributes to a bearish market sentiment.
1571,2024-11-07 18:50:00,Negative,Negative,"Market anxiety is heightened due to conflicting signals about growth and inflation, leading to a negative reception of the expected rate changes. | The lack of definitive clarity on future Fed actions heightens investor concerns, driving negative sentiment."
1572,2024-11-07 18:51:00,Positive,Negative,"The Fed's confidence in inflation nearing its 2% target and the decision to cut rates signals a positive outlook for economic stability. | Concerns may arise regarding the effectiveness of the rate cuts and potential impacts of Trump's policies on inflation, creating uncertainty."
1573,2024-11-07 18:52:00,Positive,Negative,The anticipation of a 25 basis point rate cut and the easing of inflation pressures generally boost market confidence. | Questions about Trump’s economic policy and potential inflationary effects create mixed sentiments in the market.
1574,2024-11-07 18:53:00,Positive,Negative,"The acknowledgment of nearing the 2% target and rate cuts suggest an easing of monetary policy, which is viewed favorably. | The discussions about rising costs and new administration policies introduce uncertainty, dampening market enthusiasm."
1575,2024-11-07 18:54:00,Positive,Negative,"The expected rate cut and decreasing inflation suggest a stabilizing economy, garnering positive market reaction. | Analysts focus on the complexities introduced by potential legislative changes under Trump, leading to cautious market sentiment."
1576,2024-11-07 18:55:00,Positive,Negative,"The rate cut indicates a responsive Fed and a commitment to managing inflation, creating an optimistic market environment. | Inquiries about past pressures and future Fed action under Trump's re-election lead to volatility as markets reassess risks."
1577,2024-11-07 18:56:00,Positive,Negative,"The Fed hints at strong data and positive economic signals, prompting a boost in investor confidence. | The contradictory signals regarding job growth lead to reassessment of previous optimism, causing a downturn."
1578,2024-11-07 18:57:00,Positive,Negative,"The Fed’s focus on inflation nearing target and easing rates resonates well with traders looking for stability. | Market concerns arise from potential inflation from Trump’s policies, affecting overall confidence."
1579,2024-11-07 18:58:00,Positive,Negative,Positive economic signals lead to an optimistic market response as optimism about the Fed's actions runs high. | Rising concerns about future inflation due to political policies introduce doubt in market stability.
1580,2024-11-07 18:59:00,Positive,Negative,"The expected rate cut suggests supportive measures being taken by the Fed, boosting market confidence. | Discussion of economic uncertainty and unexpected market responses to potential policy changes lead to a negative outlook."
1581,2024-11-07 19:00:00,Positive,Negative,"Investors react favorably to the Fed's commitment to keeping inflation in check and supporting economic growth. | Inquiries about Trump's policies create apprehension in the market regarding inflation, resulting in a cautious tone."
1582,2024-11-07 19:01:00,Positive,Negative,"The market reacted positively due to the expectation of economic growth fueled by Trump's policies, which bolstered confidence among investors. | As uncertainties around Trump's potential regulatory changes emerged, concerns regarding inflation and the Fed's policy decisions shifted market sentiment."
1583,2024-11-07 19:02:00,Positive,Negative,"The initial focus on economic growth prospects under Trump increased market optimism, encouraging investor confidence. | Concerns about potential changes in monetary policy and inflation stemming from Trump's administration created doubts among investors."
1584,2024-11-07 19:03:00,Positive,Negative,"Initial discussions on continuation of Powell's term were seen as reassuring, boosting market confidence in Fed's stability. | Emerging concerns regarding the impact of Trump's potential economic policies raised inflation worries, dampening market enthusiasm."
1585,2024-11-07 19:04:00,Positive,Negative,"Expectations around Trump's policies stimulated initial market optimism, focusing on projected economic growth. | Concerns about the potentially inflationary effects of Trump's policies led to increased market anxiety, shifting sentiment."
1586,2024-11-07 19:05:00,Positive,Negative,Positive sentiment around nearing inflation targets bolstered market confidence during the opening. | Rising concerns about inflation from proposed policies caused a downturn in market confidence.
1587,2024-11-07 19:06:00,Positive,Negative,"Confident statements regarding inflation indicated to investors that stability is pursued, leading to market optimism. | As discussions pointed towards uncertainties surrounding Trump's impact on monetary policy, market sentiment shifted downward."
1588,2024-11-07 19:07:00,Positive,Negative,"Early confidence regarding inflation targets reassured investors, showing promise in economic performance. | Concerns about Trump's policies and their potential inflationary effects turned investor sentiment negative."
1589,2024-11-07 19:08:00,Positive,Negative,"Positive indicators from Federal Reserve related to inflation helped maintain a bullish outlook and market enthusiasm. | Doubts about the future economic landscape under Trump's policies stirred concerns, impacting market momentum."
1590,2024-11-07 19:09:00,Positive,Negative,"Confidence upheld regarding Powell's continued leadership, boosting investor sentiment. | Emerging doubts over potential fiscal impacts of Trump’s policies led to a downturn in market confidence."
1591,2024-11-07 19:10:00,Positive,Negative,Confidence in inflation nearing its target was met with positivity from the markets. | Heightened fears of inflation linked to Trump's fiscal plans adjusted market sentiments downward.
1592,2024-11-07 19:11:00,Negative,Negative,"The market may react negatively due to concerns about the Fed cutting rates. The sentiment is shaped by the belief that a reduction may indicate a response to a weakening economy. | Powell's comments during the press conference might reinforce market fears about inflation not being adequately controlled, prompting further concerns that lower rates are due to economic instability."
1593,2024-11-07 19:12:00,Negative,Negative,"Concerns over the political landscape and potential inflationary policies from Trump might lead the market to view the rate cut skeptically, impacting investor confidence. | As the press conference unfolds, uncertainties surrounding future Fed policy due to Trump's influence may deepen the negative sentiment, leading to a pronounced market reaction."
